Genes,int_est,p_int,n_ID,q_int
IGLV2-18,0.354823265257039,0.260428297339249,26,0.997755451486575
IGLV3-9,0.00542495977769981,0.986713202643451,26,0.997755451486575
IGKV2-28;IGKV2D-28,0.365980609651512,0.317350418189033,26,0.997755451486575
IGKV2D-29,-0.244865716552368,0.297879212619328,26,0.997755451486575
IGKV1-27,-0.0280528383526764,0.94194937126781,26,0.997755451486575
IGKV3D-15,-0.473623583761508,0.163461633484653,26,0.997755451486575
IGKV3-11;IGKV3D-11,-0.10970818469322,0.84385227922237,26,0.997755451486575
IGHV3-49,-0.11557784530378,0.797467307928897,26,0.997755451486575
IGKV6D-21,-0.710025985563736,0.114067095942235,23,0.997755451486575
IGLV1-36,-0.0233329861652199,0.964392844108224,22,0.997755451486575
IGHV3-15,0.409247395265342,0.453783108251196,25,0.997755451486575
IGHV2-26,0.294169395885197,0.650035661233331,26,0.997755451486575
IGHV3-74,0.374743908637947,0.434134763960896,25,0.997755451486575
IGKV6-21,0.104623427747639,0.840329116505867,26,0.997755451486575
IGHV1-18,0.06373195107241,0.900003627967212,26,0.997755451486575
IGHV1-24,0.440577169801447,0.204473540978046,26,0.997755451486575
IGHV4-28,1.02146939926074,0.185570986201355,26,0.997755451486575
IGHV5-51,0.856569270339208,0.179210086879694,26,0.997755451486575
IGKV1-8,0.543023682500431,0.315350315820252,25,0.997755451486575
IGKV1-6,-0.197849803640772,0.575467444217222,24,0.997755451486575
ESYT2,-0.222069527820206,0.136984507555685,26,0.997755451486575
IGLC7,0.385565695514062,0.126679906501274,26,0.997755451486575
SSC5D,0.230498216957264,0.599269039684613,26,0.997755451486575
NBAS,0.173268977686409,0.342654062262053,26,0.997755451486575
DENND3,0.195180185078715,0.159859975808129,26,0.997755451486575
CNOT1,0.13632951649673,0.305872969772922,26,0.997755451486575
NACA,0.159303165052906,0.659822737663693,25,0.997755451486575
AGPS,0.0133824740478718,0.944397192340752,26,0.997755451486575
KIF2A,0.120906109714334,0.537875758528848,26,0.997755451486575
PDLIM1,0.0494288461316554,0.820814511054135,26,0.997755451486575
MYO1C,0.110193713884667,0.541736139205261,26,0.997755451486575
SNAP23,-0.235356502881205,0.606388130777532,26,0.997755451486575
STXBP3,-0.583990569530457,0.0300355777466779,25,0.997755451486575
MASP2,-0.474663156867549,0.123433772285633,26,0.997755451486575
RAB27B,0.267466325761262,0.277900437675577,26,0.997755451486575
AP3B1,0.0861490009124513,0.650058098068188,26,0.997755451486575
NDUFS8,0.412605259586884,0.151124417404566,26,0.997755451486575
PSMD11,0.205628928081373,0.0431636536505697,26,0.997755451486575
PSMD12,0.170616742449519,0.344244165371505,26,0.997755451486575
PGRMC1,-0.0311503485940028,0.915861562069217,26,0.997755451486575
CLIC1,0.208837340502762,0.232807927421653,26,0.997755451486575
QSOX1,-0.0666204468484992,0.811914157920141,26,0.997755451486575
IPO5,-0.119166463508809,0.528294034836071,26,0.997755451486575
DNM1L,-0.0351827962278991,0.769479180891438,26,0.997755451486575
GOLIM4,-0.0560545940728297,0.785924032580609,26,0.997755451486575
AGRN,-0.200441528936348,0.41745739272782,26,0.997755451486575
CHL1,-0.00689086910162108,0.981968228509684,26,0.997755451486575
VWA5A,-0.22723442008394,0.375691750183556,25,0.997755451486575
SDCBP,-0.0590298694006703,0.775208077400644,24,0.997755451486575
DDX3X,0.253781634657367,0.11375354147181,26,0.997755451486575
PODXL,-0.130207764995002,0.828723639941925,23,0.997755451486575
KPNA4,0.466691725886737,0.281784948362245,26,0.997755451486575
PPP6C,-0.223540553448517,0.350992452618012,26,0.997755451486575
C2CD2L,0.184929933459975,0.335360379528134,26,0.997755451486575
COX7A2L,-0.00668323514181099,0.975566762608599,26,0.997755451486575
AP3D1,0.0715053398732668,0.608879233260879,26,0.997755451486575
CCS,-0.265830972746376,0.269993077089902,26,0.997755451486575
ABLIM1,0.186353218653339,0.423720068074767,26,0.997755451486575
TOR1A,-0.286601672835829,0.239219806866419,22,0.997755451486575
ADAM10,0.138886163927049,0.696818385100446,26,0.997755451486575
PRMT5,-0.121756626076574,0.586809577109529,26,0.997755451486575
TPP1,-0.201220426033753,0.380373025474547,26,0.997755451486575
NRP1,-0.191423604360564,0.424219862268279,26,0.997755451486575
APOL1,0.162290637114646,0.739992362359719,26,0.997755451486575
PSMA7,-0.406112763998312,0.045185402241009,26,0.997755451486575
SCAMP3,0.250385800446849,0.230471947536591,26,0.997755451486575
MGST3,-0.195963243722899,0.421096711712342,26,0.997755451486575
IKBKB,-0.294678727606915,0.331083905504356,25,0.997755451486575
MYL12A;MYL12B,-0.185305711821591,0.711745830544849,26,0.997755451486575
PPP1R12A,0.171740312727912,0.171093248327132,26,0.997755451486575
XPO1,-0.0826283215793952,0.723482504751339,26,0.997755451486575
PLXNB2,-0.107208261001522,0.422541477749027,26,0.997755451486575
PFAS,0.329308289227807,0.0926591018787526,26,0.997755451486575
ANKRD28,0.137597049809605,0.449030457605175,26,0.997755451486575
LSM1,0.368621007948736,0.382347772282236,26,0.997755451486575
FYB1,0.010254907211172,0.941626522257693,26,0.997755451486575
SCAMP1,0.27435242243875,0.0997804200974998,26,0.997755451486575
SCAMP2,0.0133752212940291,0.947297219920086,26,0.997755451486575
ARPC1B,0.226338900462501,0.450204232431779,26,0.997755451486575
ARPC2,0.114022716481646,0.142398686943922,26,0.997755451486575
ARPC3,0.0423891298956705,0.917750796068817,26,0.997755451486575
BET1,-0.0912457861957259,0.796452256122893,23,0.997755451486575
PGRMC2,0.327829702953505,0.183243526022362,26,0.997755451486575
ZNF185,-0.0470753179887152,0.808524870299938,26,0.997755451486575
SURF4,0.0977685359815177,0.693141239617658,25,0.997755451486575
SPTLC1,-0.0746047166894429,0.745957080425745,25,0.997755451486575
INPP4B,0.180356598060549,0.316294759380385,26,0.997755451486575
INPPL1,0.110590836590314,0.463386614131006,25,0.997755451486575
EIF3D,0.024345770395736,0.836217447414182,26,0.997755451486575
EIF3H,0.0212450817016418,0.922767285293373,26,0.997755451486575
STX7,0.0404348422999187,0.863199963555858,26,0.997755451486575
ABCC4,0.07782015227374,0.717233475172791,26,0.997755451486575
TAPBP,0.23063645143995,0.30978089300354,26,0.997755451486575
CLDN3,0.35298196109367,0.286015828184229,26,0.997755451486575
ZZEF1,0.196075171400633,0.153001387551308,26,0.997755451486575
ASAP2,-0.040240901687295,0.81024291704685,26,0.997755451486575
PLXNB1,-0.326004229692437,0.217045839267465,26,0.997755451486575
CYB5B,0.769196743149971,0.012975456789213,26,0.997755451486575
ARHGAP6,-0.0607927685012823,0.714862030482118,26,0.997755451486575
PSMD3,-0.00888585760397024,0.939246841028297,26,0.997755451486575
TGFB1I1,0.281526239344271,0.222672700104105,26,0.997755451486575
ADCY6,-0.0341789648522283,0.868775592196327,26,0.997755451486575
MTSS1,0.437176699661929,0.0684624096004118,26,0.997755451486575
TXNL1,-0.242234942374349,0.362384624768726,26,0.997755451486575
EIF4G3,-0.0583120757201398,0.821800696795985,25,0.997755451486575
AKR7A2,0.0342430886435097,0.832413679841497,26,0.997755451486575
NCK2,-0.019642537462332,0.937249047235024,25,0.997755451486575
GET3,-0.189329220764533,0.292577968860793,26,0.997755451486575
ACTN4,0.0231807016338566,0.8681246240642,26,0.997755451486575
STRN,-0.278842623694716,0.161531943147146,26,0.997755451486575
CALU,0.123872779821571,0.621846815008286,26,0.997755451486575
AHCYL1,0.169207308124424,0.369753228190831,26,0.997755451486575
KALRN,0.0591276441859405,0.751844135045913,26,0.997755451486575
PLIN1,-0.467088277920068,0.185389178139688,26,0.997755451486575
PRPSAP2,-0.179375762839644,0.419965010191803,25,0.997755451486575
KIAA0513,-0.190938221823674,0.510897227826541,26,0.997755451486575
SPAG9,0.131781649583383,0.411781069276436,26,0.997755451486575
SUSD5,0.230841155308937,0.401436510275948,26,0.997755451486575
OPA1,0.0217668301301548,0.85382765259919,26,0.997755451486575
PIP5K1C,0.145951048860537,0.335998410629728,26,0.997755451486575
NRP2,-0.386589344208618,0.118217290252208,26,0.997755451486575
ACSL4,0.217752237593797,0.433810223216553,25,0.997755451486575
DOK2,-0.154745913765273,0.379526255627285,26,0.997755451486575
DIAPH1,0.275382724737037,0.0623324446832807,26,0.997755451486575
SELENOF,-0.245970584930251,0.249804272718186,25,0.997755451486575
PLIN3,0.254845630620855,0.173085945317889,26,0.997755451486575
SLC16A7,-0.289336378995919,0.395166942985046,24,0.997755451486575
JAK2,0.0613951592901578,0.73334795857003,25,0.997755451486575
TPST2,-0.274866031131328,0.2298106002336,25,0.997755451486575
SNX2,0.0400985256280969,0.811288206060182,26,0.997755451486575
DPM1,-0.0959060094953518,0.607457655720592,26,0.997755451486575
USO1,0.156366031284873,0.572635494827676,26,0.997755451486575
H2BC12;H2BC12L;H2BC13;H2BC14;H2BC15;H2BC18;H2BC4;H2BC5;H2BC9,1.03734137713562,0.133871596892154,26,0.997755451486575
TMCC2,0.142633081230401,0.545233370284357,26,0.997755451486575
WDR1,-0.0103607701830495,0.954822735352237,26,0.997755451486575
ROCK2,0.195010543779554,0.176414235063525,26,0.997755451486575
RAB11FIP3,-0.153288458131967,0.596468810014081,26,0.997755451486575
RTN2,0.103967520181872,0.760398549882483,26,0.997755451486575
FLNB,-1.8118304659411,0.0050878343316629,24,0.997755451486575
CS,0.277328122314549,0.296356426226943,26,0.997755451486575
SEC22B,0.1952566820537,0.627157496483838,26,0.997755451486575
NDUFS3,0.00180382849678356,0.99302097876205,25,0.998203505064155
STX11,-0.100112362294817,0.420321920080551,26,0.997755451486575
SKAP2,0.00328743154401941,0.985956897629396,26,0.997755451486575
MYCBP2,0.261989464718087,0.164345391120449,24,0.997755451486575
FCN3,0.463559431657236,0.274634214976382,26,0.997755451486575
RP2,0.339567530767868,0.358203386403584,23,0.997755451486575
ATP6AP2,0.0535281116881865,0.82811986251165,26,0.997755451486575
GRAP2,0.21184786768609,0.129109551057548,26,0.997755451486575
EIF3G,-0.337290682965037,0.401492172794369,24,0.997755451486575
ZMPSTE24,0.190458573905916,0.359776151359384,26,0.997755451486575
ATRN,0.0545638913143815,0.901592634657484,26,0.997755451486575
ARL6IP5,0.392006689800364,0.35506049695315,26,0.997755451486575
ATP5PD,0.0228913748500998,0.931411828072131,26,0.997755451486575
FLOT1,0.0430865167870296,0.82592591387473,26,0.997755451486575
ATP5MG,0.30937662547877,0.248671673215385,26,0.997755451486575
PDE5A,0.0536222559929518,0.761721471356513,26,0.997755451486575
ECM2,-0.44921045050398,0.145376197482006,26,0.997755451486575
STK10,0.197291971026266,0.219954528980916,23,0.997755451486575
TOMM70,0.259677049130985,0.108502653696629,26,0.997755451486575
ENDOD1,-0.100245053697191,0.704229252359948,26,0.997755451486575
ABLIM3,0.193029577482366,0.196331256661704,26,0.997755451486575
SEC31A,0.055517086289794,0.765323139594211,25,0.997755451486575
CLSTN1,-0.356633430829846,0.238291742494828,26,0.997755451486575
MFN2,0.144369492586019,0.518034403292942,25,0.997755451486575
NDUFB4,-0.209717565989827,0.233888447287327,25,0.997755451486575
RTN3,-0.155004517211529,0.606108217075111,26,0.997755451486575
VAPB,-0.0747631325123748,0.751338135364479,26,0.997755451486575
NDUFA10,0.0138666189607969,0.926162349958808,24,0.997755451486575
IPO7,0.188138721819511,0.418915845969193,26,0.997755451486575
APOM,-0.135534137441631,0.668200199519589,26,0.997755451486575
GNAS,-0.148545424215498,0.663168842807508,23,0.997755451486575
MPC2,0.0679449816954416,0.764361316235434,26,0.997755451486575
ACSL3,0.0641034207690533,0.688569101182223,26,0.997755451486575
ASMTL,-0.0756709575010023,0.694777584035747,23,0.997755451486575
CDS2,0.0883363275999792,0.702227231751116,26,0.997755451486575
SNAP29,0.274136093254198,0.108313767043185,26,0.997755451486575
AP2A1,-0.114480141587533,0.456298465614552,26,0.997755451486575
CAVIN2,-0.118066505161602,0.523594555946729,26,0.997755451486575
MLYCD,0.411612259256301,0.169590376462235,24,0.997755451486575
AIFM1,-0.166077851320717,0.128159611743034,25,0.997755451486575
MPIG6B,-0.46603353117985,0.420677919676305,26,0.997755451486575
ABHD16A,-0.245715943651311,0.413095761883743,26,0.997755451486575
EFEMP2,-0.00438681840060414,0.991325211922504,26,0.998203505064155
LDHA,0.217532017474607,0.323624806645778,25,0.997755451486575
GLUD1,0.121100473236557,0.481859588485074,26,0.997755451486575
CYB5R3,-0.19236563483992,0.481770948311905,26,0.997755451486575
GSR,-0.195456234073032,0.263575606403291,26,0.997755451486575
CP,0.371916392417206,0.0324401573739418,26,0.997755451486575
F8,-0.221321493345903,0.17805678482899,26,0.997755451486575
F13A1,0.300237033078916,0.117849690081408,26,0.997755451486575
PNP,0.288627951427964,0.133197058749812,26,0.997755451486575
HPRT1,-0.198242638866743,0.423532599975907,26,0.997755451486575
GOT2,0.127983177309553,0.655232919080525,25,0.997755451486575
PGK1,0.205169981959026,0.352399714250413,26,0.997755451486575
F2,-0.359268275167844,0.0100065285611192,26,0.997755451486575
C1R,-0.293895826627577,0.350243534464861,26,0.997755451486575
HP,0.405110841425222,0.328277320835985,26,0.997755451486575
HPR,-0.476223748950301,0.28554169050296,26,0.997755451486575
F9,0.264274443269188,0.25607118457563,26,0.997755451486575
F10,-0.187223279547696,0.482488299708369,26,0.997755451486575
CFD,0.143122756715552,0.620524723889635,26,0.997755451486575
PLG,0.257726200331895,0.446905716623086,26,0.997755451486575
F12,0.607939554253386,0.289682696617374,26,0.997755451486575
CFB,0.332792854972209,0.521831440006964,26,0.997755451486575
SERPINC1,0.181647519371101,0.682118523550309,26,0.997755451486575
SERPINA1,0.114433567500894,0.631198268429485,26,0.997755451486575
SERPINA3,0.266552529874518,0.431344908264908,26,0.997755451486575
AGT,-0.161063657993802,0.353653625211955,26,0.997755451486575
A2M,0.106086131075764,0.745552261965456,26,0.997755451486575
C3,0.0406281371490294,0.842899062565595,26,0.997755451486575
C5,0.427134448451764,0.241730531642364,26,0.997755451486575
KNG1,-0.151589518620417,0.216163142022054,26,0.997755451486575
LDLR,-0.221427646998523,0.438075833630587,26,0.997755451486575
EGF,0.286768403327151,0.0366054601961116,26,0.997755451486575
TGFB1,0.180798872363989,0.131698339672046,26,0.997755451486575
TG,-0.415817167433639,0.104909115846395,24,0.997755451486575
JCHAIN,-0.375636804735092,0.684468779925286,26,0.997755451486575
IGKV1-33;IGKV1D-33,-0.482630302401965,0.459307197537378,26,0.997755451486575
IGKV1-39;IGKV1D-39,0.0826566459322923,0.867467094936415,24,0.997755451486575
IGKV1-17,0.303884647858952,0.561365488654905,26,0.997755451486575
IGKV1-5,0.148196438235934,0.752217809928819,26,0.997755451486575
IGKV3-20,-0.0650986309318579,0.853995732323131,26,0.997755451486575
IGLV1-47,-0.489807401527264,0.402901492445869,24,0.997755451486575
IGLV3-19,-0.00330104131042418,0.995251615910426,25,0.998203505064155
IGLV3-25,0.0962037603311708,0.728746673035715,26,0.997755451486575
IGLV3-27,0.23886301557093,0.586340365311937,26,0.997755451486575
IGHV3-7,0.0809695135144521,0.890744452914472,26,0.997755451486575
IGKC,0.0708310604148749,0.776188970118752,26,0.997755451486575
IGHG2,-0.0958549163276055,0.759498765705208,26,0.997755451486575
IGHG3,0.627622302455795,0.426271942555845,24,0.997755451486575
IGHG4,0.300242000821964,0.444946242232473,26,0.997755451486575
IGHM,0.000428315385695006,0.997590753895378,26,0.999431619978059
IGHA1,-0.0355521460368763,0.785761806469961,26,0.997755451486575
HLA-B,0.174699902465204,0.528826914023497,26,0.997755451486575
LMNA,0.263610395747644,0.119488950798713,25,0.997755451486575
SPTA1,-0.274064895567661,0.391465361746417,26,0.997755451486575
APOA1,0.00612974613396835,0.948005399707435,26,0.997755451486575
APOE,0.01099031671905,0.942812866207448,26,0.997755451486575
APOA2,-0.110477819279743,0.674366110910995,26,0.997755451486575
APOC1,-0.157588583132132,0.64184486632629,26,0.997755451486575
APOC2,0.0217791535950694,0.93777730937735,26,0.997755451486575
APOC3,-0.029323900430626,0.91495791480824,26,0.997755451486575
FGA,0.00576313858067059,0.968194268543874,26,0.997755451486575
FGB,0.120709637691566,0.525411281653078,26,0.997755451486575
FGG,0.103814050517433,0.549350459009841,26,0.997755451486575
SLC4A1,-0.43991822475573,0.280684100596147,26,0.997755451486575
CRP,0.0660252525146498,0.879072626431145,26,0.997755451486575
APCS,0.158155490151571,0.513231204802834,26,0.997755451486575
C1QA,0.513291221968018,0.340153462180892,26,0.997755451486575
C1QB,0.0270577341636091,0.941500663226888,26,0.997755451486575
C1QC,0.270768902843485,0.643547684783978,26,0.997755451486575
C9,0.00277707234039709,0.982834519058927,26,0.997755451486575
APOH,0.798182359851042,0.0626056898347527,26,0.997755451486575
LRG1,0.506855767678821,0.440629538098627,26,0.997755451486575
FN1,0.0808473242361435,0.770736633281287,26,0.997755451486575
RBP4,-0.0807844938100494,0.712503297047518,26,0.997755451486575
AMBP,-0.506859347948323,0.0480667114064854,26,0.997755451486575
ORM1,0.354317524879334,0.44929370982456,26,0.997755451486575
AHSG,-0.243215275761478,0.702741761347086,26,0.997755451486575
TTR,0.0233988911160217,0.8422493270683,26,0.997755451486575
ALB,0.244011367676057,0.412478696756266,26,0.997755451486575
GC,0.0189462332546314,0.941028507976061,26,0.997755451486575
PPBP,0.514150320108544,0.0626406150617802,26,0.997755451486575
TFRC,0.169968197376289,0.628382320596229,26,0.997755451486575
TF,0.0139175444496622,0.97792738062193,26,0.997755451486575
HPX,0.012521012605586,0.98112138558458,26,0.997755451486575
KLKB1,0.209557367701633,0.598888698859747,26,0.997755451486575
C4BPA,-0.0750489674933917,0.696761036412434,26,0.997755451486575
VTN,-0.113232978026471,0.4460380446923,26,0.997755451486575
CAT,0.176307553015142,0.28335418072775,26,0.997755451486575
PROC,-0.350997984167777,0.0699810712788239,26,0.997755451486575
ALDOA,0.133102307173636,0.375161240131146,26,0.997755451486575
APOB,0.102637325126862,0.558988437112756,26,0.997755451486575
SOD2,0.246614445116406,0.128380907975094,26,0.997755451486575
LCAT,-0.0501147311440958,0.914076604918702,26,0.997755451486575
HRG,0.306210178564827,0.292150502236991,26,0.997755451486575
A1BG,0.394270723888195,0.390883740833608,26,0.997755451486575
KRT1,0.477614285242176,0.547819514215428,25,0.997755451486575
VWF,0.255515821982283,0.570632624772282,26,0.997755451486575
SHBG,-0.0547284841791909,0.886916948952105,26,0.997755451486575
GAPDH,-0.00935354771103926,0.963849901623063,26,0.997755451486575
IGKV1-16,0.16046637498441,0.730884917529219,25,0.997755451486575
HLA-A,0.0821896671019424,0.733354288446888,26,0.997755451486575
CAPNS1,-0.123819757187363,0.578285519752506,26,0.997755451486575
HSPB1,0.198502974334931,0.293834580621102,26,0.997755451486575
RPN1,0.142342616910403,0.378354712010249,26,0.997755451486575
RPN2,0.214539970510265,0.348178348618706,26,0.997755451486575
GNAI2,-0.0682985337369588,0.695249617079528,26,0.997755451486575
H2AC11;H2AC12;H2AC14;H2AC25;H2AC4;H2AC6;H2AC7;H2AJ,1.25026021780377,0.10339163074437,26,0.997755451486575
SLC4A2,-0.1684921070481,0.191306884092887,26,0.997755451486575
IGF1,-0.0285650795169868,0.930539057251612,26,0.997755451486575
ATP1A1,-0.273218611975437,0.0556964781270898,26,0.997755451486575
CHGB,-0.0823989986529735,0.809097074949214,26,0.997755451486575
ALDOB,0.729052069448538,0.105507794081608,26,0.997755451486575
APP,-0.044881553959242,0.832234544755483,26,0.997755451486575
APOD,-0.582329854556266,0.084985389168048,26,0.997755451486575
ITGB3,-0.17119598317193,0.616468297444603,26,0.997755451486575
SERPINE1,-0.150082754694274,0.573435752862981,26,0.997755451486575
SLC25A5,-0.0134897815688243,0.962703199565631,26,0.997755451486575
SERPINA5,0.310156606635432,0.33370250534731,26,0.997755451486575
SERPING1,-0.0965984426286195,0.442537118547758,26,0.997755451486575
CFI,0.155738796521401,0.77570046952197,26,0.997755451486575
F13B,0.166133804428317,0.495409410389938,26,0.997755451486575
PCCA,0.0114819525232107,0.947674152653011,25,0.997755451486575
EIF2S1,0.0431366013102408,0.869625605047722,26,0.997755451486575
RPLP1,0.0181312027908571,0.958449895177374,26,0.997755451486575
RPLP2,0.180922793666533,0.352422151882686,25,0.997755451486575
RPLP0,0.216588660308062,0.449712442404834,26,0.997755451486575
CLEC3B,0.128950729050465,0.825105144490022,26,0.997755451486575
SERPINA7,0.363410633073123,0.480728432631438,26,0.997755451486575
SERPIND1,0.0574740397104959,0.815972840450259,26,0.997755451486575
ITGB1,0.255694425921621,0.24119902035469,26,0.997755451486575
PRKCB,-0.277859867952278,0.311457853808071,26,0.997755451486575
FYN,-0.193967745725916,0.349840529850107,26,0.997755451486575
IGKV4-1,-0.081609190189228,0.830826996054307,26,0.997755451486575
GSN,0.307051616129443,0.115101537882879,26,0.997755451486575
ATP5F1B,0.132267434259619,0.578984815777583,26,0.997755451486575
C2,0.315839412218944,0.497356977036695,26,0.997755451486575
S100A9,0.294797519186792,0.536739498968286,26,0.997755451486575
APOA4,0.008405388111811,0.969760892663011,26,0.997755451486575
EIF4E,-0.0643071133213344,0.770303086876767,24,0.997755451486575
ENO1,-0.353881645923842,0.23270448661833,26,0.997755451486575
PYGL,0.0107609600638526,0.950453541321023,26,0.997755451486575
TPM3,0.428963454704558,0.213230145732539,26,0.997755451486575
ITGAV,0.00013904734621782,0.999431619978059,26,0.999431619978059
LPL,0.271021396771019,0.404116293488417,26,0.997755451486575
SERPINE2,-0.0498758571561634,0.773962878288573,26,0.997755451486575
LDHB,0.194252879110917,0.613593917258738,26,0.997755451486575
GPX1,0.340214629753544,0.225675597882827,26,0.997755451486575
PROS1,-0.330219627965644,0.0202846173103213,26,0.997755451486575
P4HB,-0.227882378345682,0.144605521741571,26,0.997755451486575
CSF1R,-0.333220820466553,0.332632904693916,26,0.997755451486575
CTSD,0.292660967627036,0.20733957887069,26,0.997755451486575
C8A,0.425000060084161,0.25814643407972,26,0.997755451486575
C8B,0.346938456986114,0.267497773075282,26,0.997755451486575
GP1BA,-0.277876339170835,0.197706360681784,26,0.997755451486575
C8G,0.356487170072687,0.36783478796883,26,0.997755451486575
CAPN1,0.0429220961340065,0.732276711549419,26,0.997755451486575
TUBB,0.107016782428004,0.648462984678435,26,0.997755451486575
IVL,-0.1701107348212,0.471048661951369,26,0.997755451486575
DCN,0.0491353726588679,0.853011188386656,25,0.997755451486575
PSAP,-0.160476246508248,0.496803518565182,26,0.997755451486575
PFN1,0.35089113088034,0.482537158974878,26,0.997755451486575
EPRS1,0.0482380371050813,0.715730487591334,25,0.997755451486575
HSP90AA1,0.0531541084394199,0.796509068966051,26,0.997755451486575
LAMB1,-0.360811973249997,0.197959302200334,26,0.997755451486575
LYN,-0.247764545934469,0.174931671450159,26,0.997755451486575
TPM2,0.220049805092062,0.576653896866254,26,0.997755451486575
FH,-0.183979295397625,0.361693261512869,26,0.997755451486575
THBS1,0.157757485751358,0.554487990281972,26,0.997755451486575
SERPINA6,0.550653506625843,0.40760120317784,26,0.997755451486575
SLC3A2,0.415370713021394,0.0120557401414861,26,0.997755451486575
HSP90AB1,-0.0086434439554967,0.973611777586081,26,0.997755451486575
SRPRA,0.039193374181902,0.862023139684454,26,0.997755451486575
SOD3,-0.539845968002228,0.173592911523686,26,0.997755451486575
CTSG,-0.10190557536789,0.750778447338088,26,0.997755451486575
MGP,-0.816363418249862,0.266402605374658,26,0.997755451486575
ITGA2B,0.048813682266286,0.865880164377031,26,0.997755451486575
LPA,-0.303078857330323,0.136902802204365,26,0.997755451486575
PLEK,0.323306361876542,0.208181912951273,26,0.997755451486575
CD14,0.0628592902601123,0.824078005136268,26,0.997755451486575
PTPRC,-0.0462680725331577,0.849029048049175,26,0.997755451486575
CFH,0.32986633715937,0.412829907574297,26,0.997755451486575
VIM,0.0636134953110698,0.855019571876522,26,0.997755451486575
SERPINF2,0.441178864546391,0.177370975784665,26,0.997755451486575
F7,-0.194413189900139,0.420741959264184,26,0.997755451486575
RPSA,-0.936477304244709,0.030308632684284,24,0.997755451486575
CD63,-0.160653313460501,0.759948315827264,26,0.997755451486575
ENO2,-0.632704150690617,0.0964289187453381,26,0.997755451486575
DBH,0.163954614473598,0.688078696098536,24,0.997755451486575
GSTP1,0.588141528853086,0.13471758852776,24,0.997755451486575
SPARC,0.0781361654144224,0.776523918384981,26,0.997755451486575
TPM1,-0.262062895884369,0.383104856725249,24,0.997755451486575
CNP,-0.0918013811767837,0.736516884016452,25,0.997755451486575
CSF1,-0.259423354075727,0.294319246219083,26,0.997755451486575
PDGFRB,-0.456807116501252,0.230957219815499,26,0.997755451486575
DLD,-0.131971883982494,0.451711246131191,26,0.997755451486575
CTSH,-0.417736745023065,0.249991700287294,23,0.997755451486575
COX6C,0.878241576155559,0.00537596072720386,26,0.997755451486575
C1S,-0.152976891288179,0.280254435723273,26,0.997755451486575
C4A,0.489618926030732,0.440090925437042,26,0.997755451486575
C4B,-0.159797963390458,0.263940288783825,26,0.997755451486575
SLFN14,-0.192062172519939,0.211659146772708,26,0.997755451486575
RPS27A;UBA52;UBB;UBC,0.336128824198427,0.338780585695369,26,0.997755451486575
SAA2,0.403097431799432,0.47890494195824,26,0.997755451486575
SULT1A3;SULT1A4,-0.272241949711888,0.109727486078814,26,0.997755451486575
HSPA1A;HSPA1B,0.148513990398128,0.251306102521165,25,0.997755451486575
IGLC3,0.329449694365798,0.41430101413348,26,0.997755451486575
IGHV1-8,0.0663228551243866,0.911304786442054,22,0.997755451486575
IGHV4-30-4;IGHV4-34;IGHV4-38-2;IGHV4-39;IGHV4-59;IGHV4-61,0.653781547769514,0.159615974009152,26,0.997755451486575
CALM1;CALM2;CALM3,-0.166950541741077,0.710962192498898,24,0.997755451486575
SRGN,-0.0835382051658283,0.781780497829139,26,0.997755451486575
RO60,-0.04329584136798,0.835314156205577,26,0.997755451486575
RRAS,0.155743420960274,0.54811809362187,24,0.997755451486575
HLA-C,0.243748797376688,0.61603041554798,22,0.997755451486575
SPP1,-0.456378092105036,0.133783793677006,26,0.997755451486575
DLAT,0.348081638798721,0.195306673168578,25,0.997755451486575
TXN,-0.245189240363032,0.383986294099276,25,0.997755451486575
COX5B,-0.0839719480235064,0.738034318301902,26,0.997755451486575
C7,0.178501017454833,0.685158422940629,26,0.997755451486575
PRKAR1A,-0.0911338100249239,0.706354223785787,26,0.997755451486575
CHGA,-0.165870972329191,0.570159315254444,26,0.997755451486575
TFPI,0.101568072172131,0.802607798995656,26,0.997755451486575
KIT,-0.384507657932045,0.233002202717683,26,0.997755451486575
HSPD1,0.208537444948447,0.29141983695682,26,0.997755451486575
CLU,-0.00991100082913962,0.949226294520211,26,0.997755451486575
HSPA5,-0.152885484093162,0.248162283872226,26,0.997755451486575
LAMC1,-0.127309384600233,0.589981255562365,26,0.997755451486575
HSPA8,-0.18330933008775,0.34781530099857,26,0.997755451486575
SLC2A1,-0.137439615860045,0.689352404266557,26,0.997755451486575
SLC2A3,0.221957560040598,0.483957780187021,26,0.997755451486575
EPB41,-0.426169916068294,0.23435560169243,26,0.997755451486575
PDHB,-0.0446816521717843,0.805015818389645,26,0.997755451486575
DBT,0.0487655434317433,0.843375192017286,26,0.997755451486575
PYGB,0.0457879606918607,0.67834811995754,26,0.997755451486575
MBL2,-0.276247709895124,0.361921022843159,26,0.997755451486575
BCR,0.107733199924656,0.568949409850957,25,0.997755451486575
SPTB,-0.0893320148372025,0.51037893847854,26,0.997755451486575
LAMP1,0.281915287219363,0.61308299429207,24,0.997755451486575
ACADM,0.292172594619758,0.24288283021835,26,0.997755451486575
FGFR1,-0.103592345638055,0.578693253734618,26,0.997755451486575
G6PD,0.0600476708606291,0.698258633524752,26,0.997755451486575
MTHFD1,0.141361078857519,0.235271521290895,26,0.997755451486575
CETP,-0.281220108189564,0.323208931763242,26,0.997755451486575
IGF2R,-0.0171255180744557,0.940172605590755,26,0.997755451486575
PRPS2,-0.223184230095598,0.218028345653344,26,0.997755451486575
COX6A1,-0.083209785726883,0.697629027009761,25,0.997755451486575
COL6A1,-0.188617051980376,0.451198281877845,26,0.997755451486575
COL6A3,0.13302257260788,0.610356574427641,26,0.997755451486575
SLC25A6,-0.0125875856506159,0.967257844710421,26,0.997755451486575
F5,-0.215004483100438,0.24034872042163,26,0.997755451486575
ACTN1,0.0905145092440817,0.686934973298437,26,0.997755451486575
CDH1,-0.0808075919965378,0.847471712729077,26,0.997755451486575
SRC,-0.0547661685663163,0.753758142273112,26,0.997755451486575
PEPD,-0.163497433153559,0.601519904111601,26,0.997755451486575
COX4I1,-0.236981740533459,0.133858635856999,25,0.997755451486575
GP1BB,0.351912519196997,0.234901050074154,26,0.997755451486575
RNH1,0.255555057755017,0.475130589146173,26,0.997755451486575
BMP1,0.12235677881763,0.632519379551879,26,0.997755451486575
NCAM1,-0.272697248001811,0.178023904818288,26,0.997755451486575
ICAM2,0.336635207826529,0.375351313818369,26,0.997755451486575
VCAN,0.240732992139978,0.660776466302717,25,0.997755451486575
EEF2,0.562360367824418,0.0550288620471231,26,0.997755451486575
KRT10,0.0414650929213866,0.948271235202806,23,0.997755451486575
PDIA4,-0.14595053751708,0.349562562114219,26,0.997755451486575
C6,0.333135476119884,0.45338183791858,26,0.997755451486575
ALAD,0.224037043965577,0.261490851097441,26,0.997755451486575
PRG2,-0.161550198784257,0.444839507954342,26,0.997755451486575
LCP1,0.394018603270344,0.0710872339545972,26,0.997755451486575
APEH,-0.159308784053345,0.38001716177625,26,0.997755451486575
ETFA,-0.0873014827847968,0.517421011042392,26,0.997755451486575
GYS1,0.0130407575442741,0.955237268756351,25,0.997755451486575
PRKAR2A,-0.0164457377629863,0.946553319873173,26,0.997755451486575
SELL,-0.245358437967316,0.537025368058646,26,0.997755451486575
PRKCSH,-0.222108642729182,0.171353238007156,26,0.997755451486575
HCLS1,-0.128984544116242,0.528477002704411,26,0.997755451486575
COX7A2,0.891742704099756,0.00827414839302445,26,0.997755451486575
NID1,-0.105488217346514,0.560734575709925,26,0.997755451486575
PKM,0.194499535053111,0.146020246886131,26,0.997755451486575
HSP90B1,0.0295609969493748,0.779295469096575,26,0.997755451486575
GP9,-0.206116451133359,0.694334182591206,26,0.997755451486575
MMP9,0.212393929216661,0.410765729132467,25,0.997755451486575
DARS1,0.116259401541234,0.427720166989525,25,0.997755451486575
ANPEP,0.0436569487699202,0.924196871089037,22,0.997755451486575
RAC2,-0.298750471716764,0.13857537374218,26,0.997755451486575
CPN1,-0.0156975437950786,0.91339521574415,26,0.997755451486575
GSPT1,0.137256317337646,0.306819766583464,26,0.997755451486575
VAV1,0.102918216819962,0.587445781249782,26,0.997755451486575
NME1,-0.389013980783994,0.0725836310099941,26,0.997755451486575
IGLL1,-0.14290981292829,0.62268892402539,26,0.997755451486575
CD44,-0.629589068617422,0.135818486977144,26,0.997755451486575
SELP,0.308465868490705,0.267844726306109,26,0.997755451486575
ACAN,-0.214840799265485,0.423568703277009,26,0.997755451486575
SPN,-0.475222945394799,0.213045031449686,25,0.997755451486575
ANK1,-0.175767691649622,0.25668903804321,26,0.997755451486575
PECAM1,0.159615858723056,0.479314025307322,26,0.997755451486575
EPB42,-0.524696082528402,0.186195724448694,26,0.997755451486575
ATP2A2,0.142929580736538,0.449831613322465,26,0.997755451486575
CD36,-0.115072759467337,0.570365907645493,26,0.997755451486575
PLCG2,0.268190921515527,0.170533318645968,26,0.997755451486575
FAH,0.117094330137212,0.732231070845831,26,0.997755451486575
PRKCA,0.0629902077875632,0.746113204806349,26,0.997755451486575
ITGA2,0.0759870261709625,0.64417417434125,26,0.997755451486575
CAPN2,-0.128605910778165,0.570717847606773,26,0.997755451486575
CTPS1,-0.132874033464251,0.592586548772649,24,0.997755451486575
PFKL,-0.253583939257925,0.187168121057099,26,0.997755451486575
IGFBP3,-0.259391617280329,0.575693191001146,25,0.997755451486575
PSMC3,-0.0244288592408917,0.901513526234596,26,0.997755451486575
TCP1,-0.256641325015656,0.0808469282204104,26,0.997755451486575
ALOX12,-0.179949696668254,0.422839327405672,26,0.997755451486575
ITGB5,0.173834320697843,0.309884452326879,26,0.997755451486575
ARF4,-0.00552152630368239,0.985683395362001,26,0.997755451486575
VCL,0.033228362827095,0.849782615383356,26,0.997755451486575
LBP,-0.00838188823844419,0.975197279610165,26,0.997755451486575
PTPRA,0.0648846789782124,0.724521456401076,26,0.997755451486575
PAM,-0.147634517217791,0.647207430793077,26,0.997755451486575
GNAZ,-0.0140258187432469,0.927365104561349,26,0.997755451486575
VCAM1,-0.169225944431258,0.519598999617961,26,0.997755451486575
HK1,0.167371018807664,0.374806370396021,26,0.997755451486575
NDUFV2,0.0686494166137021,0.876323205301964,25,0.997755451486575
SLC9A1,-0.110058792722113,0.525288051542491,26,0.997755451486575
ORM2,0.235205125366041,0.500544791671257,26,0.997755451486575
CSNK2A2,0.268737499041591,0.251380829011663,26,0.997755451486575
ITIH2,-0.185517418503072,0.15566994772984,26,0.997755451486575
ITIH1,-0.236989210179689,0.0757466843825586,26,0.997755451486575
TYMP,0.369620992307063,0.23243960213833,24,0.997755451486575
RAB6A,0.268379879057945,0.428364610079426,26,0.997755451486575
PSMB1,-0.418634263316997,0.0819264693837316,26,0.997755451486575
M6PR,-0.00464774670198013,0.978678209982932,25,0.997755451486575
COX5A,0.24762354837008,0.178220544325905,26,0.997755451486575
OGN,0.200672341017151,0.616835626590367,26,0.997755451486575
CAST,-0.119905796054708,0.598865151952124,26,0.997755451486575
C4BPB,-0.569112163407158,0.215461753738702,26,0.997755451486575
RASA1,0.240062157691353,0.261212189418982,26,0.997755451486575
CSRP1,0.00732360747979913,0.980200265518881,26,0.997755451486575
FLNA,0.0434892633443948,0.877861230329354,26,0.997755451486575
VDAC1,-0.216039140455015,0.43816349706952,26,0.997755451486575
BGN,0.124892521483578,0.73916461357516,26,0.997755451486575
SDHB,0.152689304466511,0.603110757689123,26,0.997755451486575
CD9,0.0507937606954359,0.855893597317032,26,0.997755451486575
COMT,0.00324727141416367,0.981956476588167,26,0.997755451486575
PCMT1,-0.0449914845232808,0.744722595547186,26,0.997755451486575
TNXB,-0.311430709880765,0.131499895146763,26,0.997755451486575
PAICS,-0.13568113603096,0.482025595977385,26,0.997755451486575
UBA1,-0.254092449962931,0.135677132030551,26,0.997755451486575
GPX3,0.381467994979818,0.304685492241091,26,0.997755451486575
NME2,-0.103751721958023,0.704844536401928,26,0.997755451486575
PRKACB,0.0845500476964299,0.52889857756773,26,0.997755451486575
UQCRC2,0.307586870718341,0.106469496065253,26,0.997755451486575
CPN2,-0.146451084327635,0.429636979602019,26,0.997755451486575
PROZ,-0.290893164658832,0.0887876295764235,26,0.997755451486575
FBLN1,-0.202286135669185,0.308806230284639,26,0.997755451486575
PTGS1,0.240544594090885,0.205484738893758,26,0.997755451486575
ITGA6,0.101381897320152,0.705470163721025,26,0.997755451486575
PPIB,0.302887772376645,0.375806034491019,26,0.997755451486575
ME2,0.33079982977615,0.133171258972778,26,0.997755451486575
WARS1,-0.62249878001756,0.103156568732519,25,0.997755451486575
PTPRG,-0.335373512520107,0.164639721317312,26,0.997755451486575
PTPRZ1,-0.37445208811275,0.263149353460956,26,0.997755451486575
AHCY,0.114095431385928,0.527085150598533,26,0.997755451486575
CFL1,0.0669050616961277,0.690527044453089,26,0.997755451486575
EIF4B,-0.424462786373835,0.220419176395227,23,0.997755451486575
LAMA2,0.008540037419878,0.97665349944416,26,0.997755451486575
EEF1B2,0.18970378055529,0.315734619746714,26,0.997755451486575
ATP5PB,0.0530780103824883,0.855047263092115,26,0.997755451486575
TBXAS1,-0.0250688406835466,0.931179980493114,26,0.997755451486575
IGFBP5,-0.0156589075784413,0.960799300534403,26,0.997755451486575
TNC,-0.373210855800884,0.0967137646776022,26,0.997755451486575
MYL9,-0.0231275081523892,0.878729535243874,26,0.997755451486575
AZGP1,0.440223533043235,0.320038032178861,26,0.997755451486575
RPS12,0.302110633185924,0.227175065176541,25,0.997755451486575
ATP5F1A,0.191711248546098,0.472003088863837,26,0.997755451486575
CTSS,-0.232543625696971,0.500842861251079,26,0.997755451486575
PSMA1,-0.218665877357657,0.208602318621902,26,0.997755451486575
PSMA2,-0.172492821768464,0.46848106502296,26,0.997755451486575
PSMA3,-0.492004664133879,0.237469687680989,26,0.997755451486575
PSMA4,-0.0762197494517974,0.762455939938241,26,0.997755451486575
PTX3,-0.144944299342099,0.546989000586278,26,0.997755451486575
MSN,0.310834811484521,0.226032366821222,26,0.997755451486575
EEF1G,-0.0596447825510432,0.68484984374925,26,0.997755451486575
MST1,0.137962558110307,0.76365587689593,23,0.997755451486575
STOM,0.150956742170049,0.611821858203328,26,0.997755451486575
PON1,-0.496986396710228,0.0435669799454441,26,0.997755451486575
MAOB,-0.133919704649831,0.552708905502703,26,0.997755451486575
YWHAQ,-0.197747172431756,0.590678182980233,26,0.997755451486575
DPP4,-0.206117345731276,0.542258167616751,26,0.997755451486575
CAD,0.259051433613064,0.179102163319716,26,0.997755451486575
CALR,0.00473490871350481,0.978889522069121,26,0.997755451486575
MAP4,-0.208184732043881,0.428709240664536,26,0.997755451486575
CANX,0.130500077761838,0.439718894680238,26,0.997755451486575
ITPKB,0.165282875731657,0.435459663405327,26,0.997755451486575
PSMB8,-0.527720162718053,0.172069229023802,26,0.997755451486575
PSMB9,0.0169231051737163,0.955770588990459,26,0.997755451486575
PSMA5,-0.324873814528669,0.237751015630041,26,0.997755451486575
PSMB4,-0.332913051453426,0.22512937865217,26,0.997755451486575
PSMB5,-0.178906950407444,0.58835346888428,26,0.997755451486575
ABCD3,0.16029803625906,0.617556401835911,26,0.997755451486575
ITPRID2,0.756525667244537,0.000756758773672424,26,0.610122333193651
NDUFS1,0.304819680925077,0.0729172315458876,26,0.997755451486575
PCSK6,-0.456722681733848,0.0103354762319094,26,0.997755451486575
TPP2,-0.0132481721992052,0.932368895555376,26,0.997755451486575
PTPN6,-0.150187200319933,0.226474788095683,26,0.997755451486575
SERPINA4,0.322821650286853,0.35338653460698,26,0.997755451486575
EEF1D,0.143158495710831,0.479818459818158,26,0.997755451486575
PRDX6,0.177453849886482,0.408562741623296,26,0.997755451486575
PRDX5,0.0654366514688902,0.8106757891019,26,0.997755451486575
PRDX3,0.0456821365068663,0.859870344465388,26,0.997755451486575
CMPK1,-0.0928011497267234,0.554562423998155,25,0.997755451486575
PDIA3,-0.299725824843103,0.0785100705178655,26,0.997755451486575
PPP2R1A,-0.057530087291333,0.688343476232186,26,0.997755451486575
FCER1G,-0.313799970915153,0.394903698167506,26,0.997755451486575
AXL,-0.0245508454332722,0.914429978668689,26,0.997755451486575
ADSL,0.0362773227776442,0.884784855023907,26,0.997755451486575
CLIP1,0.00294102245706221,0.983627828118381,26,0.997755451486575
SERPINB1,0.205103107860937,0.0215248664687296,26,0.997755451486575
SDHA,0.111340725273129,0.612939082601454,26,0.997755451486575
CORO1A,-0.214396406272848,0.501568004544366,26,0.997755451486575
GDI1,0.230305014680464,0.442027686972333,25,0.997755451486575
PRKAR2B,-0.082844042093396,0.712713752593429,26,0.997755451486575
DNAJA1,-0.148121076726164,0.357716328443089,25,0.997755451486575
UQCRC1,0.0332332576374936,0.886843823121466,26,0.997755451486575
HIBADH,-0.0329367714007346,0.838416263659329,24,0.997755451486575
HNRNPH1,-0.117586300062108,0.540585151262366,25,0.997755451486575
YWHAB,0.130670316772424,0.621630853206838,26,0.997755451486575
STIP1,0.174307681592274,0.190797785134651,26,0.997755451486575
L1CAM,-0.186589726474188,0.440829673535042,26,0.997755451486575
PRDX2,0.560353048162769,0.154118941954227,25,0.997755451486575
CDH5,-0.319154118715453,0.294336809228053,26,0.997755451486575
KIF5B,0.163244291079774,0.478862146778263,26,0.997755451486575
RNASE4,0.0757359474812611,0.73804819169261,26,0.997755451486575
SHMT2,0.16542823267567,0.546621289680957,26,0.997755451486575
EPHX2,0.230439567752587,0.174930467954593,26,0.997755451486575
HSPA1L,0.118881657443125,0.766146592910709,24,0.997755451486575
HSPA4,0.0124866380778898,0.954612935466919,26,0.997755451486575
PRSS3,-0.322314184461841,0.409322429644813,25,0.997755451486575
PHB1,0.0763089222113184,0.757127249767438,26,0.997755451486575
SERPINB6,0.044437380202807,0.733791849379823,26,0.997755451486575
THBS4,-0.0506862748242905,0.803318403073736,26,0.997755451486575
SAA4,0.0289560581067242,0.934131985869463,26,0.997755451486575
FBN1,-0.582141036181394,0.242914695351409,26,0.997755451486575
MYH9,0.155678664816669,0.589396881472707,26,0.997755451486575
COPB2,-0.0407285090205205,0.719105896167861,26,0.997755451486575
ADD1,0.0843510963290525,0.575209006788843,26,0.997755451486575
BSG,0.0650985155858007,0.675373658541817,26,0.997755451486575
PPM1A,-0.0485546456018659,0.788802016779257,26,0.997755451486575
IGFALS,0.22648183771843,0.421557715204417,26,0.997755451486575
KRT2,-0.550916345738043,0.409278373677295,24,0.997755451486575
HMGCL,-0.0769671656774727,0.621320212688998,26,0.997755451486575
FLT4,-0.495988548326629,0.0297246144586787,26,0.997755451486575
PSMC2,-0.120379961590249,0.626306346832881,26,0.997755451486575
MAP2K2,0.199446712691004,0.213417140181229,25,0.997755451486575
ATP5F1C,-0.0626361356985228,0.842061304750569,26,0.997755451486575
LONP1,-0.207264283901504,0.477372077198964,25,0.997755451486575
SERPINF1,0.161311326135958,0.668903432123503,26,0.997755451486575
DLST,0.0183014899620244,0.914141439172098,26,0.997755451486575
TAGLN2,-0.273460654226205,0.160482292042718,26,0.997755451486575
SNCA,-0.011683599213442,0.959208061350815,26,0.997755451486575
ATP6V1A,0.133819712946582,0.372578381612563,25,0.997755451486575
HSPA9,0.12589940558713,0.47074402206978,26,0.997755451486575
COL18A1,-0.0670470694956222,0.80663224105575,25,0.997755451486575
DDOST,0.399071609501104,0.047685233866448,26,0.997755451486575
GP5,0.127921724458759,0.573670607070849,26,0.997755451486575
CCT6A,0.439738042258223,0.057623334800396,26,0.997755451486575
MPL,0.102312800892319,0.740402807250688,26,0.997755451486575
PSMB10,-0.255450811160978,0.312044994046008,24,0.997755451486575
STAT3,-0.0290147308378257,0.881143061867209,26,0.997755451486575
MDH1,0.458992921328513,0.255662385619408,22,0.997755451486575
MDH2,0.172004676342832,0.616631809038332,26,0.997755451486575
HADHA,-0.0514583125089925,0.853541143472102,26,0.997755451486575
PMEL,-0.695848756534653,0.189344201258611,26,0.997755451486575
EIF2S3,-0.192742077023088,0.201737126255712,26,0.997755451486575
PTGDS,-0.156364511072766,0.718162327910921,26,0.997755451486575
UBA7,0.127166421104061,0.570285550742751,26,0.997755451486575
PPP1R2,0.190866696239829,0.499706406191119,26,0.997755451486575
CSK,-0.177442798917093,0.509568520976004,26,0.997755451486575
GARS1,-0.0377018531750187,0.798280161086458,26,0.997755451486575
ACTR1B,-0.0370857104516527,0.763121125721742,26,0.997755451486575
STAT1,0.24921776266303,0.224925752872248,25,0.997755451486575
STAT5A,0.137750889403227,0.198081887368159,26,0.997755451486575
PIK3CB,0.160825480367575,0.647714009056867,24,0.997755451486575
MTOR,-0.0797321605569284,0.582652590739768,26,0.997755451486575
PI4KA,0.430773952854063,0.0242484097358682,25,0.997755451486575
EPS15,0.122541787545294,0.680879803646243,26,0.997755451486575
CASP3,-0.175797568801787,0.589394443608325,26,0.997755451486575
LRPPRC,0.134177841046444,0.50895859530239,26,0.997755451486575
WAS,0.255525085874368,0.206588286221659,26,0.997755451486575
HTT,-0.12544239766575,0.394439082924703,26,0.997755451486575
ECE1,0.0493483113351611,0.801365480452455,26,0.997755451486575
MCAM,0.0697102250999705,0.850988949505086,26,0.997755451486575
GRK6,-0.16449149245522,0.3977438214973,26,0.997755451486575
BTD,-0.45379026850147,0.208437301568385,26,0.997755451486575
GPD2,0.0551833511550002,0.796121746257422,26,0.997755451486575
AFM,0.486112946177112,0.450264465946335,26,0.997755451486575
PSMC4,0.0329998715246018,0.79709960927053,26,0.997755451486575
VDAC2,-0.151862797269152,0.585277601985949,26,0.997755451486575
ACADSB,-0.0911551141806021,0.69293817796613,26,0.997755451486575
USP5,0.0950394653719146,0.642109421527994,26,0.997755451486575
CRKL,-0.189441948833199,0.269593518357726,26,0.997755451486575
BAG6,0.0453167976035647,0.781127049948376,26,0.997755451486575
UTRN,0.0686759182258287,0.463426347491999,26,0.997755451486575
GYG1,-0.279834370259411,0.308353927530149,26,0.997755451486575
PLA2G4A,0.0388991955360995,0.831429006633903,26,0.997755451486575
CAPZA2,0.128589032364945,0.743600165838712,26,0.997755451486575
CAPZB,-0.0302007897252763,0.921467017874319,26,0.997755451486575
UQCRFS1,0.241619472070691,0.387113746124143,26,0.997755451486575
ATP5PO,0.163649362168788,0.376407779079893,26,0.997755451486575
PIP4K2A,0.0694079937199149,0.713232709101432,26,0.997755451486575
ARCN1,0.0147773474137486,0.915642063939914,26,0.997755451486575
LSS,0.181487946596262,0.324955286120272,26,0.997755451486575
GCLM,-0.0273110711549446,0.834313541032684,26,0.997755451486575
PSMD8,-0.280497274624818,0.225519126978498,26,0.997755451486575
CCT5,-0.152720499326997,0.439198298354772,26,0.997755451486575
IDH2,0.125506968267936,0.668125396324609,26,0.997755451486575
PIK3CG,0.0447211681397088,0.813861677524152,24,0.997755451486575
MASP1,-0.385897005303886,0.0373112895533751,26,0.997755451486575
MAPKAPK2,0.347299681233308,0.211864764876434,25,0.997755451486575
RPIA,-0.190066105504621,0.384267956643575,26,0.997755451486575
LMAN1,0.23342215171344,0.47636771386778,25,0.997755451486575
FASN,0.0206124472615101,0.89355683401444,26,0.997755451486575
CCT3,-0.363385462519044,0.186344710272838,26,0.997755451486575
TUFM,0.0188130121999731,0.903776509093725,26,0.997755451486575
AARS1,-0.153250905195112,0.536519212237006,26,0.997755451486575
PPM1F,-0.323522284460464,0.293557003339993,26,0.997755451486575
DGKG,-0.127528669744794,0.364340610208421,24,0.997755451486575
MAN2A2,-0.116160248893962,0.540167898767637,26,0.997755451486575
PSMB3,-0.521364452633046,0.0748728730745836,26,0.997755451486575
PSMB2,0.024490604480471,0.922671175635991,26,0.997755451486575
THBS3,-0.103644941419574,0.701805922791546,26,0.997755451486575
COMP,0.0619756391136989,0.831026276014944,26,0.997755451486575
ACADVL,0.177306255013146,0.265029930690382,26,0.997755451486575
TMED10,-0.0272670965089469,0.924790042360346,26,0.997755451486575
RGS19,0.118046468689358,0.635135960134673,26,0.997755451486575
NT5C2,0.0148562708806121,0.890312708342856,26,0.997755451486575
SELENOP,0.155193929009506,0.528176660010811,26,0.997755451486575
CAMP,0.0592731889013576,0.885381622402276,26,0.997755451486575
GNAQ,-0.0574454046243385,0.801258201618363,26,0.997755451486575
SULT1A1,0.217709740388765,0.488437933546836,26,0.997755451486575
EMD,0.0621479984991027,0.728667259917296,26,0.997755451486575
CPT1A,0.122837578145235,0.535656558073055,26,0.997755451486575
SERPINB9,0.337228072711854,0.10071887922549,26,0.997755451486575
SERPINH1,-0.0110285444238753,0.957721090709319,26,0.997755451486575
ST13,-0.365638782743363,0.109263691383421,26,0.997755451486575
VASP,0.109041541564085,0.588973372561774,26,0.997755451486575
DNM2,0.0808226125202133,0.623740051167139,26,0.997755451486575
LRBA,0.106188781508114,0.509174429474348,26,0.997755451486575
CCT8,-0.0989210721521486,0.502526579564249,26,0.997755451486575
CCT4,-0.0144405736039388,0.938425064998929,26,0.997755451486575
RAB5C,0.0166452109022757,0.927782493574776,26,0.997755451486575
RAB7A,0.0922520782300304,0.670474926871747,26,0.997755451486575
DUSP3,-0.196031281672974,0.289335087018096,25,0.997755451486575
GALK1,0.266530554122622,0.355891694316141,26,0.997755451486575
SSR4,0.202833310029538,0.274243029863487,26,0.997755451486575
BCAP31,0.301838090667497,0.0598240847852628,26,0.997755451486575
P2RX1,-0.25606862311825,0.329542690848781,26,0.997755451486575
ALDH3A2,-0.132581149714476,0.707139484004839,25,0.997755451486575
HSD17B4,0.131485296561728,0.610087603422092,26,0.997755451486575
PSMD7,0.168440896840535,0.428779992352921,26,0.997755451486575
STAT5B,0.0477281008633747,0.849606056076691,26,0.997755451486575
APLP1,-0.242590782242346,0.611743206067022,25,0.997755451486575
VAMP7,-0.180622679640443,0.257044503096612,26,0.997755451486575
RPS6KA3,0.0184378312531553,0.906933183322408,26,0.997755451486575
LUM,-0.356234940379335,0.0663905873295991,26,0.997755451486575
NDUFA8,0.18665455757959,0.473408725767741,26,0.997755451486575
PGD,-0.0211626349206404,0.909059436801581,26,0.997755451486575
RAP1GDS1,0.300406406277445,0.0175545826914055,26,0.997755451486575
HNRNPF,-0.485235461283854,0.057883155777102,26,0.997755451486575
CAPZA1,0.0927100877533058,0.642793949752508,26,0.997755451486575
ACLY,0.0727887079492509,0.705242842676992,26,0.997755451486575
COPB1,0.06089799088975,0.673470267821586,26,0.997755451486575
COPA,0.128207766287607,0.173129381910098,26,0.997755451486575
CTSC,-0.0774052506763677,0.72191809433857,26,0.997755451486575
PTTG1IP,-0.447783114773022,0.157897250415559,26,0.997755451486575
SMTN,0.244212732474427,0.299265566539913,26,0.997755451486575
SEC24C,-0.145299108688944,0.598201547546819,25,0.997755451486575
RARS1,0.122161751158776,0.245911929354672,25,0.997755451486575
ATP1B3,0.456299280609955,0.00368283427761572,26,0.997755451486575
AK2,0.522500928811504,0.00718547517159835,25,0.997755451486575
NAPA,-0.0309919755361031,0.908660142851551,26,0.997755451486575
EIF5,-0.108855750159999,0.637869514099565,26,0.997755451486575
DRG2,0.11873769765589,0.680726251605534,25,0.997755451486575
APOC4,-0.191241811059928,0.471070464651597,26,0.997755451486575
PLTP,0.0466205503330675,0.880380495711915,26,0.997755451486575
VCP,-0.042750478251653,0.8025980822869,26,0.997755451486575
MFAP4,0.228408969278245,0.657053117302947,25,0.997755451486575
HADHB,-0.0246351313528155,0.90370492458084,26,0.997755451486575
INHBC,0.338050583882657,0.388306791506266,25,0.997755451486575
MANF,0.129193863661539,0.485079594454105,25,0.997755451486575
MTTP,-0.315759046648033,0.39720427294193,24,0.997755451486575
NCKAP1L,-0.166896514192117,0.276328660984379,26,0.997755451486575
NAP1L1,0.300417248539781,0.117943470324012,26,0.997755451486575
CASP6,-0.122023731130559,0.62254144782782,25,0.997755451486575
CDH6,-0.0741438918089932,0.822263267752106,26,0.997755451486575
CDH13,0.0496599446081235,0.871116573541155,26,0.997755451486575
CDH15,-0.446191582191072,0.153894843605794,26,0.997755451486575
NPEPPS,0.0185534388102502,0.882997709459605,26,0.997755451486575
OXCT1,0.364839949082373,0.105130165612303,25,0.997755451486575
EIF3B,0.335765254530639,0.0658684541354968,26,0.997755451486575
BID,-0.206192730697339,0.502335208605025,24,0.997755451486575
ATP5MF,0.35586899913874,0.28191477180505,26,0.997755451486575
MARS1,0.140077948183489,0.519032479950902,25,0.997755451486575
AP1S2,0.201600210977195,0.62264476952512,26,0.997755451486575
ATP5ME,0.174113798489124,0.318435822798838,25,0.997755451486575
EIF6,-0.119030954362088,0.536804182190062,26,0.997755451486575
UBASH3A,0.0990011145479162,0.628659823965595,26,0.997755451486575
INHBE,-0.033306735941552,0.907762591139809,26,0.997755451486575
ANTXR2,-0.181509255800711,0.599255930340264,26,0.997755451486575
MTPN,-0.254619969654201,0.353058339924809,25,0.997755451486575
TPI1,0.0426082988263268,0.887753998257891,26,0.997755451486575
MYL6,-0.0121748041039925,0.970758090264433,26,0.997755451486575
ACTB;ACTG1,0.107395775120577,0.619444948273452,26,0.997755451486575
EIF4A1,-0.095144663235853,0.600564412885202,26,0.997755451486575
PSMA6,0.221907105615602,0.435322003674493,25,0.997755451486575
CDC42,-0.0354176084104315,0.872102973133784,26,0.997755451486575
KRTDAP,-0.228303143962526,0.601927777147975,26,0.997755451486575
RAB8A,-0.0349013989961459,0.886778591043882,26,0.997755451486575
RAB2A,-0.364158451859476,0.0709366108429245,25,0.997755451486575
RAB5B,-0.330603274157927,0.240333001172335,26,0.997755451486575
RAB10,0.180933575893698,0.586765683114873,26,0.997755451486575
CXCR4,0.0992072834275692,0.779977687315651,26,0.997755451486575
RAB14,-0.207545109998029,0.364251668440944,26,0.997755451486575
ACTR3,0.164287327327695,0.530414751219645,26,0.997755451486575
ACTR2,-0.00974394064014072,0.941525130524273,26,0.997755451486575
ACTR1A,0.117248580813688,0.643154756626368,26,0.997755451486575
COPS2,0.00860750827067109,0.954590351596609,26,0.997755451486575
ARF1;ARF3,-0.0558006342761013,0.894594513830573,26,0.997755451486575
RAP1B,0.179609955167778,0.694982434022579,26,0.997755451486575
RAP2B,0.0167379338222592,0.949347642257468,26,0.997755451486575
HSPE1,0.336076730093291,0.0211507824190184,25,0.997755451486575
VBP1,0.0493528697991876,0.869096037767353,25,0.997755451486575
B2M,0.424959176178973,0.171258970580715,26,0.997755451486575
COPZ1,-0.171737306089525,0.564352498045794,25,0.997755451486575
HNRNPK,0.29894056144972,0.0228544935072513,26,0.997755451486575
YWHAG,-0.207174594786423,0.47619753607994,26,0.997755451486575
PPP1CA,0.282076002033025,0.217487618485867,26,0.997755451486575
PSMC1,0.0287084458965422,0.873329547189542,26,0.997755451486575
PSMC5,-0.122464059558429,0.244775116981454,26,0.997755451486575
UBE2H,-0.0331810150546398,0.892881236100874,26,0.997755451486575
YWHAE,0.0919624685742674,0.561571953257657,26,0.997755451486575
PSMC6,-0.244997070289532,0.245956857685978,26,0.997755451486575
H4C1,0.579459410966059,0.294716743387276,26,0.997755451486575
RAB1A,-0.0579514606960025,0.827779733203295,26,0.997755451486575
RAN,-0.113573014558798,0.624439395304259,25,0.997755451486575
RAP1A,0.249974482050693,0.286595103316146,26,0.997755451486575
GNB1;GNB2,-0.00817578110171926,0.984329560586848,26,0.997755451486575
PPIA,-0.104552493700145,0.670677030422951,26,0.997755451486575
GRB2,0.235920346541284,0.12582156112742,26,0.997755451486575
RAC1,-0.233117304615304,0.320769338578557,26,0.997755451486575
AP2B1,-0.177748660290769,0.334619239383204,26,0.997755451486575
YWHAZ,0.0683210045724344,0.786754610231867,26,0.997755451486575
EIF5A;EIF5A2;EIF5AL1,0.72924912097618,0.152939393226232,26,0.997755451486575
SEC11A,-0.137685414683499,0.587615193340419,24,0.997755451486575
TPM4,0.196237562554065,0.38098833757906,26,0.997755451486575
UBE2L3,0.129662398547123,0.425230421107684,26,0.997755451486575
EEF1A1;EEF1A1P5,-0.0147661941093248,0.920544793869601,26,0.997755451486575
ACTA1,-0.0573906453336525,0.851292124992846,26,0.997755451486575
TUBA4A,0.00242164612309108,0.9941743985959,26,0.998203505064155
TUBB4B,-0.0635179080117101,0.822078236021844,26,0.997755451486575
CSNK2A1;CSNK2A3,-0.0893176184484845,0.664423249180167,26,0.997755451486575
HBB,0.321176730861593,0.557992359590676,26,0.997755451486575
HBA1,0.344517059398593,0.487836183310259,26,0.997755451486575
EIF4G2,0.199327796778271,0.369258483905453,26,0.997755451486575
CCT2,0.138221564006535,0.304897072934955,26,0.997755451486575
GSTO1,0.152015586753047,0.447312178225996,26,0.997755451486575
RELN,-0.250999346014469,0.207838813383362,26,0.997755451486575
GPLD1,0.0359689234700095,0.919466538011942,26,0.997755451486575
NUCB2,0.126272691008695,0.590646987372403,26,0.997755451486575
IGLV3-21,0.647438686095258,0.142288943841783,24,0.997755451486575
KGD4,-0.31384161838651,0.325545723284205,25,0.997755451486575
RHOG,0.143585775752471,0.58003418441026,26,0.997755451486575
FBLN2,-0.30008791692802,0.296727494376303,26,0.997755451486575
HSPG2,-0.0170368698911689,0.923518730170552,26,0.997755451486575
ARHGAP4,0.265586730111163,0.0343679475972064,26,0.997755451486575
EFNB1,-0.16572349814383,0.382111951335476,24,0.997755451486575
ATP2C1,0.285519441879573,0.149441725280249,26,0.997755451486575
CYCS,-0.0216106854228461,0.960781084315016,23,0.997755451486575
MPP1,-0.042287051320651,0.825223957298012,26,0.997755451486575
SLC25A3,0.463254914657957,0.179757939079314,26,0.997755451486575
HDLBP,-0.265630032681507,0.0772281942087617,26,0.997755451486575
CLTC,0.140543100016128,0.576698179220644,26,0.997755451486575
PLCB2,0.204095192044736,0.283215524832713,26,0.997755451486575
REEP5,0.107308337312671,0.572976320305629,26,0.997755451486575
SPTBN1,-0.0409908195961247,0.784207310094672,26,0.997755451486575
AMPD2,-0.00273873404745296,0.987422708946908,26,0.997755451486575
CAP1,-0.00570801009369455,0.970863580748829,26,0.997755451486575
PFKP,0.105598340388222,0.49823493597589,26,0.997755451486575
PLCB3,-0.383410136025786,0.290155177246128,25,0.997755451486575
GUCY1A1,0.0121826354777028,0.950741852873453,26,0.997755451486575
GUCY1B1,-0.0120312642949157,0.913084721278319,26,0.997755451486575
OGDH,0.234285046745373,0.152844145381308,26,0.997755451486575
DSC2,-0.524031618610083,0.19807256831033,26,0.997755451486575
NUCB1,0.00503094819280869,0.978776143033993,26,0.997755451486575
AKAP12,-0.369453081626524,0.249069232695501,26,0.997755451486575
SLC25A11,-0.0913682848289212,0.690467013902927,26,0.997755451486575
TAP1,-0.186889605326638,0.447231599889522,25,0.997755451486575
CFHR1,0.43731184976745,0.484847858402127,26,0.997755451486575
EIF4G1,0.0999398358995175,0.396555480527627,26,0.997755451486575
HGFAC,0.153351808092168,0.753145128811147,26,0.997755451486575
PRKCQ,0.0815936601834992,0.569013815883043,26,0.997755451486575
SSBP1,-0.103875471889234,0.445142040104419,26,0.997755451486575
YWHAH,0.104485360862009,0.675558961848932,26,0.997755451486575
DNM1,-0.0130709820735709,0.932016842250347,26,0.997755451486575
PTPN12,-0.241603592218269,0.0695757789517819,26,0.997755451486575
PTK2,0.114275056741997,0.383334726633315,26,0.997755451486575
PRKCD,-0.132248339817792,0.390715865071574,26,0.997755451486575
CALD1,0.200182174075449,0.464598087891571,26,0.997755451486575
COL14A1,0.117707187021138,0.761086653561709,24,0.997755451486575
ITIH3,-0.162566345866694,0.421387319909627,26,0.997755451486575
PTPN11,0.179930979180222,0.201810047126997,26,0.997755451486575
BTK,-0.212725461045181,0.310459350097304,26,0.997755451486575
PSME1,-0.0557368614614569,0.730483309204225,26,0.997755451486575
APLP2,0.167623720572705,0.431421659756098,26,0.997755451486575
FMOD,-0.167440402131618,0.555441597520261,26,0.997755451486575
PRDX1,0.111765047877257,0.489776738552796,26,0.997755451486575
C1QBP,-0.0775122427835624,0.79774727896982,26,0.997755451486575
DPT,-0.325657006121264,0.476368995950047,26,0.997755451486575
BAX,0.287418438139232,0.172394474004726,25,0.997755451486575
KLC1,-0.353282820829956,0.08281222875129,26,0.997755451486575
LRP1,-0.3455366883462,0.13439124731464,26,0.997755451486575
PCDH1,-0.493492033419848,0.107893923486374,26,0.997755451486575
LGALS3BP,-0.223445676389675,0.259185904000743,26,0.997755451486575
DMTN,0.0384401831086022,0.822641809401246,26,0.997755451486575
FGL1,-0.0321682771634048,0.915691481588832,26,0.997755451486575
APOBR,-0.201239414496778,0.359246743444786,26,0.997755451486575
SCRN3,-0.271318425322479,0.482056825386266,26,0.997755451486575
NEXN,0.0858276272100854,0.67790097271296,26,0.997755451486575
GALNT1,-0.431252699461987,0.107509308109449,25,0.997755451486575
SCRN1,-0.619944471802276,0.085917978492114,26,0.997755451486575
WASHC5,0.118124564013195,0.521866800147689,26,0.997755451486575
ASPH,-0.192146051941004,0.371047456457834,26,0.997755451486575
EFEMP1,0.0562890254531241,0.861202876695436,26,0.997755451486575
ILF3,-0.106513805902047,0.724709524030886,25,0.997755451486575
LMAN2,-0.0605168839291587,0.687285762301024,25,0.997755451486575
IRAG2,-0.148435392185377,0.598552176736805,24,0.997755451486575
PTPRJ,0.11562727179559,0.294784922275595,26,0.997755451486575
TRAP1,-0.0273836785686731,0.966031025933191,26,0.997755451486575
BNIP2,-0.198310499975093,0.360725400605345,26,0.997755451486575
STRN3,0.00472410518805781,0.977857983875241,26,0.997755451486575
STK4,0.0305729732232353,0.865607733341003,26,0.997755451486575
FLII,0.0678960265627264,0.581283293130372,26,0.997755451486575
LCP2,-0.127872846559297,0.398882985823006,26,0.997755451486575
GPS1,0.106587366934248,0.631516125746828,26,0.997755451486575
SPP2,-0.338071877404372,0.189766576935915,26,0.997755451486575
USP4,0.0507202421731953,0.857805573717351,26,0.997755451486575
PRKAA1,0.339634518733475,0.0480218798630303,26,0.997755451486575
PRDX4,-0.232834581219852,0.572334413827336,26,0.997755451486575
STK3,0.161786043776086,0.306828428905491,26,0.997755451486575
PSMD2,-0.208767254268053,0.174919164596088,26,0.997755451486575
MMRN1,0.148346337793302,0.56663024821186,26,0.997755451486575
G3BP1,-0.0284644522447449,0.862477518119041,26,0.997755451486575
EIF3I,-0.0422768147751653,0.813458153661453,26,0.997755451486575
ILK,0.11706213539454,0.45170246221955,26,0.997755451486575
NNT,0.016008579018735,0.945273851850955,26,0.997755451486575
MYO9B,-0.0512956175928695,0.691599031720811,25,0.997755451486575
ROCK1,0.030223427347049,0.811864115861026,26,0.997755451486575
MADCAM1,-0.441081049239019,0.278264411453475,26,0.997755451486575
MTM1,0.00368682111224609,0.985773496539953,26,0.997755451486575
SQSTM1,-0.579452893117193,0.00705556439010179,25,0.997755451486575
RIPK1,-0.212691663813915,0.396589193795075,24,0.997755451486575
DCTN2,-0.000713497822124145,0.995619159419976,26,0.998203505064155
IQGAP2,-0.0051377195941822,0.972643283368716,26,0.997755451486575
STIM1,0.0817495323107283,0.675505051265205,26,0.997755451486575
RAB32,0.360631093318538,0.090699190844413,25,0.997755451486575
MOGS,-0.255983620693793,0.229227582782355,25,0.997755451486575
ALCAM,-0.224684977413232,0.457417434520188,26,0.997755451486575
APOF,-0.466992949093696,0.0740552923713089,26,0.997755451486575
SPTAN1,0.0483958607264367,0.747474976341508,26,0.997755451486575
SNTB1,0.0229348378733639,0.923146284747796,25,0.997755451486575
PRKG1,-0.214585046794276,0.0714342188106428,26,0.997755451486575
CKAP5,0.0208493676443598,0.892631517058059,26,0.997755451486575
CAMK1,-0.0293853251054453,0.839622369269819,26,0.997755451486575
NID2,0.117299559222185,0.505312544899369,26,0.997755451486575
DAG1,0.295207431939671,0.306414756575898,25,0.997755451486575
DSG2,-0.405569172753842,0.125211432895589,26,0.997755451486575
UBE4A,0.0130759431745776,0.924729049317665,26,0.997755451486575
SEPTIN6,0.120144360313391,0.784575684574246,26,0.997755451486575
EIF3A,0.0618077602442737,0.695501674191222,26,0.997755451486575
ARHGEF7,0.0917899092337876,0.664463935397687,25,0.997755451486575
SCARF1,-0.145263629724716,0.578711239564914,25,0.997755451486575
MLEC,-0.127459283459311,0.497386417866871,26,0.997755451486575
TTLL12,0.116660485520972,0.553731586299524,26,0.997755451486575
DCTN1,-0.153809977565127,0.29884650765874,26,0.997755451486575
DYNC1H1,0.0115345087620193,0.931822269230175,26,0.997755451486575
CTTN,0.274289132892286,0.0523958019032075,26,0.997755451486575
FLOT2,0.495410231493072,0.0131714081320461,26,0.997755451486575
TRIM25,0.0851055920383787,0.611514488021946,26,0.997755451486575
FLNC,0.0223956810864915,0.964283522391732,26,0.997755451486575
FKBP8,-0.251782861242847,0.147340884456515,26,0.997755451486575
GNA13,0.113167567729112,0.554961805575985,26,0.997755451486575
LRRC32,-0.165112292820516,0.246363955486933,25,0.997755451486575
GAS6,-0.0161063316188363,0.961293918308801,26,0.997755451486575
PDE3A,-0.402812882927136,0.0308308584005269,26,0.997755451486575
SPARCL1,-0.259512993147421,0.247950200976984,26,0.997755451486575
FAT1,-0.293916300696951,0.259062275358889,26,0.997755451486575
HABP2,-0.0991848226279712,0.479421839091831,26,0.997755451486575
ITPR2,0.105165916818689,0.498854962936735,26,0.997755451486575
ITIH4,0.323606500448641,0.437648668411085,26,0.997755451486575
ITPR1,0.117297360810257,0.562811432803522,26,0.997755451486575
RASA3,-0.0373868029228825,0.801830718812326,26,0.997755451486575
CLINT1,-0.268938639722998,0.127474559217787,26,0.997755451486575
GANAB,-0.0183921802586033,0.819935783592806,26,0.997755451486575
MVP,0.155576420608917,0.253421852440522,26,0.997755451486575
LTBP1,0.125701784793745,0.53050508415938,26,0.997755451486575
LTBP2,-0.0962612450248468,0.772503956595427,26,0.997755451486575
LASP1,-0.254044010729922,0.544699793584803,26,0.997755451486575
KPNB1,0.0836728473985679,0.500665022014653,26,0.997755451486575
SLMAP,0.10340492220356,0.622694084527023,26,0.997755451486575
GAPVD1,-0.020760789110977,0.906840062415422,26,0.997755451486575
SPCS2,0.266279323849435,0.25072320293451,25,0.997755451486575
EMC2,0.120694191410434,0.660541137633795,25,0.997755451486575
PSMD6,-0.101439854778834,0.619358045469102,25,0.997755451486575
ABRAXAS2,0.409072632343785,0.230519640974033,26,0.997755451486575
SEPTIN2,0.00140307989779424,0.992337069719588,26,0.998203505064155
RAB3GAP1,0.106674836892524,0.474782883844884,26,0.997755451486575
ACAP2,-0.226150642946999,0.425226761792343,26,0.997755451486575
POSTN,0.29581061894568,0.39348085988772,26,0.997755451486575
PDIA6,0.304939774363811,0.191730014098368,26,0.997755451486575
PDK1,0.160807611612439,0.532018271378372,24,0.997755451486575
PLEC,0.020815243279913,0.889470063548921,24,0.997755451486575
PON3,0.0499653316300839,0.870619158537467,26,0.997755451486575
STK38,-0.23126926871831,0.19869072075638,26,0.997755451486575
RABEP1,-0.129016393340137,0.453286495621877,25,0.997755451486575
RCN1,-0.124576152059822,0.630936943192974,26,0.997755451486575
TMED2,0.16808566177108,0.512823127250565,26,0.997755451486575
PCBP1,0.554490404931787,0.0186995811394166,26,0.997755451486575
PCBP2,0.0802919167962205,0.741443181479326,25,0.997755451486575
ELOB,0.0511747861582556,0.905373586384495,24,0.997755451486575
ANGPT1,0.0170610262818082,0.919833089814063,25,0.997755451486575
RSU1,-0.376415015893664,0.13952165565734,26,0.997755451486575
PPP1R7,-0.123126042185394,0.573936974551232,25,0.997755451486575
SEC23A,0.0760790322464182,0.625481939741484,26,0.997755451486575
MAPRE2,0.0228218623501207,0.902024779902855,26,0.997755451486575
TGFBI,0.0290930383910191,0.905569003419066,26,0.997755451486575
TRIP10,0.0319408931722471,0.880505782352415,26,0.997755451486575
MAPRE1,-0.0484277126979986,0.816663845394614,26,0.997755451486575
NSDHL,0.197915219754799,0.382062959671266,26,0.997755451486575
MYLK,0.0701509824053889,0.630560635292634,26,0.997755451486575
CD226,0.0676107236230775,0.687055258410009,26,0.997755451486575
STXBP2,0.131496831515316,0.351027356329918,26,0.997755451486575
ADIPOQ,0.286844095085398,0.528223188795313,26,0.997755451486575
ATP6AP1,-0.0070493890367127,0.980833960984322,23,0.997755451486575
RAB11A;RAB11B,-0.090440167274965,0.749758461478951,26,0.997755451486575
ZYX,0.286195356465572,0.183340097433473,26,0.997755451486575
SEPTIN7,0.0871866486868298,0.55438317032244,26,0.997755451486575
PSMD5,-0.220271563094004,0.139317019284952,26,0.997755451486575
PKN1,0.259745049326501,0.20550958825634,26,0.997755451486575
DDB1,0.0687925355318758,0.667070681927243,26,0.997755451486575
MAPK14,-0.253212026285819,0.268208552680713,26,0.997755451486575
CDC37,0.551787455701872,0.0359460050756707,26,0.997755451486575
DPYSL2,-0.169970851090569,0.419976186617561,26,0.997755451486575
ECM1,0.284754538189209,0.412176274828049,26,0.997755451486575
DBN1,0.0950794233597559,0.710415912114094,26,0.997755451486575
MAPKAPK3,-0.123438832424111,0.498645938841783,26,0.997755451486575
DECR1,0.418735384375859,0.329192480414777,25,0.997755451486575
MAN2A1,-0.137122193792254,0.590875702059476,25,0.997755451486575
NDUFA5,-0.0656490761128475,0.809061487571359,25,0.997755451486575
TST,0.14118991595589,0.555214917119211,26,0.997755451486575
NDUFA9,-0.0915210651407677,0.701113863556712,26,0.997755451486575
RTN1,0.282128865706741,0.265504093947144,26,0.997755451486575
MEP1B,-0.00156232966432131,0.995432706583946,21,0.998203505064155
HADH,0.263893322024594,0.226970585084152,26,0.997755451486575
UGP2,-0.0806363679940932,0.705134855274421,26,0.997755451486575
TXNRD1,0.110662407605157,0.546710033361949,25,0.997755451486575
IMMT,0.165666408127318,0.38471673168217,26,0.997755451486575
EXOC3L4,0.0545810636093234,0.759520950911432,25,0.997755451486575
INF2,0.0420034988932889,0.824911283862604,26,0.997755451486575
EXOC3L2,0.0737701601654759,0.550366254907875,26,0.997755451486575
DPY19L1,-0.319036229432374,0.231180974930541,25,0.997755451486575
LRRFIP1,-0.0609020158352793,0.796651631881943,25,0.997755451486575
P3H1,-0.123689272913247,0.482977442197512,26,0.997755451486575
EML3,-0.117064653464501,0.593128571685342,26,0.997755451486575
TKFC,0.211892757073642,0.271504832205166,26,0.997755451486575
RABL6,0.112413074352471,0.696000764195713,26,0.997755451486575
GTDC1,-0.00164863956152169,0.995047958939556,25,0.998203505064155
ANO6,0.174758032192489,0.29419322397057,26,0.997755451486575
SVEP1,0.0211447189929622,0.914204882890834,26,0.997755451486575
GRIPAP1,0.213162316645892,0.10884907140304,26,0.997755451486575
HSD17B12,0.170615631575921,0.456636078041474,26,0.997755451486575
EIPR1,0.263099685962783,0.197944961545636,25,0.997755451486575
HS1BP3,-0.0830063981479592,0.738507356051827,26,0.997755451486575
ACTBL2,0.108496631385255,0.721358295907846,26,0.997755451486575
MIA3,-0.109828299144388,0.826534696801612,26,0.997755451486575
WDR44,0.00711619186543798,0.972673568691169,26,0.997755451486575
DOCK11,0.335315207893914,0.0761589392739053,25,0.997755451486575
SPECC1,0.605851986188306,0.0158896524642849,26,0.997755451486575
LY6G6F,0.216122090341617,0.437753434953594,26,0.997755451486575
CEP170,0.141839685757301,0.225396616001495,26,0.997755451486575
LDLRAP1,-0.351826396670384,0.183107239241045,26,0.997755451486575
FNBP1L,0.234639489539558,0.30287464062902,26,0.997755451486575
FKBP15,0.286829247405769,0.107977691594197,26,0.997755451486575
MPP7,-0.0360769374475793,0.859606129826612,24,0.997755451486575
HECTD3,-0.0911382321383909,0.538389253710004,26,0.997755451486575
UBR4,0.262105141390236,0.0721616868572854,26,0.997755451486575
STXBP5,-0.745082000978872,0.0101622524301963,25,0.997755451486575
SH3PXD2A,0.505526892673832,0.0303203980890978,26,0.997755451486575
HACD4,0.108072947240325,0.659714704194037,26,0.997755451486575
ECPAS,0.0842483163197817,0.61836041366717,26,0.997755451486575
CARMIL1,0.126887687729515,0.59144424291367,24,0.997755451486575
KANK2,0.243472848409522,0.478428705976278,24,0.997755451486575
TBC1D9B,-0.00448947736506919,0.961856056642857,26,0.997755451486575
MAP1S,-0.0290556121085107,0.899763027958882,25,0.997755451486575
RAP1GAP2,-0.0199872713022604,0.913697517527813,26,0.997755451486575
DENND2C,-0.0870466128194431,0.445365118843455,25,0.997755451486575
ATL3,0.14219921797399,0.545342433271868,26,0.997755451486575
DMKN,0.0325011469662241,0.90765257907944,26,0.997755451486575
SUMO2;SUMO3;SUMO4,-0.800172476401437,0.000789802373066214,25,0.610122333193651
VASN,-0.253106268759068,0.47646384331133,26,0.997755451486575
LAMTOR1,0.165126086531054,0.670831837813828,25,0.997755451486575
DHRS7B,-0.0235775840694597,0.897977320857969,26,0.997755451486575
TWF2,0.082541858987182,0.558723128844885,25,0.997755451486575
HIBCH,0.031334125818513,0.889087433760634,26,0.997755451486575
SLC27A4,-0.484388627519744,0.0360107604947521,26,0.997755451486575
EDC4,-0.0599620539654523,0.645618208892954,25,0.997755451486575
SCYL2,0.0453736858902411,0.746732487862844,26,0.997755451486575
TTC27,-0.0111214054997551,0.945530830223982,26,0.997755451486575
GOLM2,-0.0756474109269773,0.817204342957768,26,0.997755451486575
TUBA3E,-0.0686863879805451,0.807585673979476,26,0.997755451486575
SKIC3,-0.124963034592957,0.494303039021153,25,0.997755451486575
CNST,0.0797392831806603,0.719074685118784,26,0.997755451486575
TMED8,-0.213689464339461,0.315716176162409,26,0.997755451486575
APOA5,-0.53447810287299,0.0925967927621538,26,0.997755451486575
CSPG4,-0.166924592843968,0.532690227849546,26,0.997755451486575
SUSD1,-0.223440804585195,0.371946526096861,26,0.997755451486575
PLXDC2,0.103729412388263,0.684572072450677,26,0.997755451486575
PI16,-0.182557116733775,0.421868785661239,26,0.997755451486575
APOOL,-0.0266815087904193,0.809364031211439,26,0.997755451486575
FAT4,-0.299480812949311,0.273449629907421,26,0.997755451486575
PACS1,0.0650099415215258,0.578898157543392,26,0.997755451486575
MPRIP,-0.127366550312767,0.42039405222789,26,0.997755451486575
CD109,-0.309385218855406,0.102905520373997,26,0.997755451486575
NBEAL2,0.230998562727936,0.179195508587723,26,0.997755451486575
QSOX2,-0.0818898122847476,0.824458640004911,23,0.997755451486575
CRACD,0.180052099013396,0.414873154983717,26,0.997755451486575
TOM1L2,-0.184064486932318,0.435517093651667,26,0.997755451486575
VPS13C,-0.021368244259985,0.885134234328715,26,0.997755451486575
UNC13D,-0.0122970028974922,0.941964673675658,26,0.997755451486575
TUBA1A,-0.0670875893283632,0.88888132244628,26,0.997755451486575
ADAMTS13,-0.164757504676021,0.364143889017101,26,0.997755451486575
SND1,0.307886989967173,0.0351264572117012,26,0.997755451486575
LRRC8D,-0.346269956096639,0.122856368783375,26,0.997755451486575
CYFIP1,0.0442813788162342,0.833602760913104,26,0.997755451486575
DOK3,0.0270412528053338,0.86764151182696,26,0.997755451486575
COPS6,-0.155816676148915,0.231954773930457,26,0.997755451486575
TAOK1,0.0549786767759973,0.693399213275129,26,0.997755451486575
RASGRP2,0.101166619111327,0.62925958645282,26,0.997755451486575
CHST3,-0.0321644578223994,0.909022272136598,26,0.997755451486575
ZC3HAV1,0.0448223961355516,0.75452237882896,26,0.997755451486575
MAVS,-0.12370938311424,0.711751258257533,26,0.997755451486575
CLASP1,-0.342054908962156,0.158664071833435,25,0.997755451486575
HUWE1,-0.0609132321990192,0.677938505692145,26,0.997755451486575
ABI3BP,-0.404920383762124,0.24042862371715,26,0.997755451486575
TMED4,-0.173266370431766,0.660350941678309,26,0.997755451486575
ADGRG6,-0.0705132880185971,0.810376163980967,25,0.997755451486575
ADAMTSL2,-0.166549981577294,0.502944666415862,26,0.997755451486575
PRUNE1,-0.167386549869228,0.307001523803241,26,0.997755451486575
MTDH,-0.308321330173098,0.112942873544288,26,0.997755451486575
RTN4RL2,-0.472393522643419,0.0473904731813215,26,0.997755451486575
KTN1,0.0513395026684759,0.650557102658986,26,0.997755451486575
NLRX1,-0.0101457012653653,0.956868220856035,26,0.997755451486575
FERMT3,-0.0125882571611133,0.939824512019174,26,0.997755451486575
CAND1,0.0482689299508051,0.755871715342855,26,0.997755451486575
RETREG3,-0.289045180546698,0.256922139038819,26,0.997755451486575
HOOK3,-0.0362792966193527,0.844003087423205,26,0.997755451486575
PKHD1L1,-0.265835565478574,0.100718523324556,26,0.997755451486575
STX12,0.152449255602159,0.293113928482757,26,0.997755451486575
TDRP,0.331427633522497,0.0425267919073553,26,0.997755451486575
TREML1,-0.502800670182234,0.400302077303215,26,0.997755451486575
CRLF3,0.34191864231127,0.186892761295724,25,0.997755451486575
PLXDC1,-0.317083580543346,0.221406254039948,26,0.997755451486575
SLC9A9,0.187651449929674,0.462789995904396,25,0.997755451486575
KSR1,-0.173886548360973,0.44552790157986,26,0.997755451486575
SLC44A2,0.0748102040828201,0.693335939620552,25,0.997755451486575
PNPLA6,0.426688719639295,0.100552485939205,26,0.997755451486575
CMIP,0.116149423536632,0.52042191839347,26,0.997755451486575
MICALL2,-0.124623401425834,0.708928553383928,25,0.997755451486575
DIS3L2,0.00647502471590328,0.978721013008037,26,0.997755451486575
GSPT2,0.160956820389258,0.498269275007309,25,0.997755451486575
ALDH16A1,0.00753978937973122,0.955653069760787,26,0.997755451486575
ADGRF5,-0.0651745658139859,0.785349553029143,26,0.997755451486575
ABI1,0.182831457932623,0.375759096847588,26,0.997755451486575
VKORC1L1,0.281448190518305,0.405334350941578,24,0.997755451486575
LRRC47,0.0836327373285901,0.624321618472628,26,0.997755451486575
LTBP4,-0.258877036660042,0.491295693481892,25,0.997755451486575
MUC20,-0.786568120980193,0.00482045435576058,26,0.997755451486575
ARHGAP18,0.017257809779793,0.914859943922902,26,0.997755451486575
EHBP1L1,0.121693800898151,0.476260927734822,26,0.997755451486575
MINK1,-0.0344554588303862,0.852874213243773,26,0.997755451486575
MYCT1,0.237097381861592,0.340690863927908,26,0.997755451486575
ARFGAP1,0.231426839942172,0.328039261043194,26,0.997755451486575
EMC1,0.246218488858336,0.233751855964732,26,0.997755451486575
TC2N,0.346370927321068,0.134637864111238,26,0.997755451486575
NHLRC2,0.13518970246673,0.561113335871085,26,0.997755451486575
GOLM1,-0.363268039527318,0.280334398134912,26,0.997755451486575
PCYOX1L,0.209554149567368,0.304697750748226,26,0.997755451486575
PCSK9,-0.391078404081508,0.108760938490232,26,0.997755451486575
MINDY2,-0.0789223108290577,0.70724623464138,26,0.997755451486575
TXNDC5,0.190306558679377,0.381027511376993,26,0.997755451486575
SCCPDH,-0.121309039461592,0.741729653597227,26,0.997755451486575
UXS1,-0.0242431972799648,0.898071020974714,25,0.997755451486575
FAM98A,0.171627269495357,0.578244812295897,24,0.997755451486575
CCNY,0.25647390769496,0.0771649570098755,26,0.997755451486575
ABCF1,-0.225304967308351,0.274150743939712,24,0.997755451486575
MCU,0.18219260922977,0.365416225597304,26,0.997755451486575
APPL2,-0.12965790228246,0.565430946886803,26,0.997755451486575
VPS37A,-0.618408387019534,0.0619002975146229,26,0.997755451486575
DOCK8,0.261840453731103,0.323091643713487,26,0.997755451486575
REPS2,-0.34766324239409,0.137031423019744,25,0.997755451486575
TOR1AIP2,0.176802312050415,0.468791318192471,26,0.997755451486575
TRIM58,-0.0323259091311008,0.824720345609744,26,0.997755451486575
ANGPTL6,-0.414820817994943,0.0543417727739515,26,0.997755451486575
PRXL2B,-0.178806849012641,0.513903263838514,24,0.997755451486575
TBC1D15,0.0132618503713812,0.957347799887848,26,0.997755451486575
RDH11,-0.112726788707927,0.678691347379998,26,0.997755451486575
STT3B,0.198377465780458,0.472599965108858,26,0.997755451486575
NEK9,0.0863183974401698,0.659261752731408,26,0.997755451486575
PLEKHO2,0.388241464993504,0.169922880730531,26,0.997755451486575
BPIFB1,-0.257432044048106,0.378667734452047,26,0.997755451486575
MICAL1,-0.0123790310423778,0.943031194400691,26,0.997755451486575
SNED1,0.159621900667461,0.54283761263584,26,0.997755451486575
PARD3,0.127955506015617,0.278718041020382,26,0.997755451486575
UBASH3B,0.50638624706115,0.303568564769769,26,0.997755451486575
TSKU,-0.0639542302629209,0.870337918737968,25,0.997755451486575
RAB2B,0.0324879513451987,0.915268831210681,24,0.997755451486575
CEMIP,-0.196610368306543,0.381112388085729,26,0.997755451486575
PDCD6IP,0.188783120651083,0.259946323390492,26,0.997755451486575
BRK1,0.27203010804976,0.250740984991811,26,0.997755451486575
SCFD1,-0.0322834757089203,0.811764181951758,26,0.997755451486575
ITLN1,-0.326884106948897,0.291725264909169,26,0.997755451486575
TMEM40,0.302335470270943,0.369995228539052,26,0.997755451486575
SLC44A1,0.0101916832095854,0.954732967996681,26,0.997755451486575
OIT3,-0.031705893568178,0.95369490676945,26,0.997755451486575
STON2,-0.132357730498438,0.537642127697091,25,0.997755451486575
ATL1,-0.166861150531008,0.373283000139073,26,0.997755451486575
MADD,-0.0531889392979399,0.629193951953045,26,0.997755451486575
ST8SIA4,0.103526774761368,0.748650962373382,26,0.997755451486575
PSMF1,0.047886181118725,0.84625116886467,25,0.997755451486575
ELMO1,0.303442169251952,0.23625093605475,25,0.997755451486575
WASF1,0.123543409235609,0.595095612484925,24,0.997755451486575
HSPH1,0.105901283011048,0.564495599468249,26,0.997755451486575
MYO18A,0.0620417415620679,0.735733551263026,26,0.997755451486575
GCN1,-0.0302884401720937,0.872072010658102,25,0.997755451486575
ARHGAP45,0.0643439515363559,0.66094451007342,26,0.997755451486575
SORL1,-0.623797001743794,0.196274722173316,26,0.997755451486575
ARPC1A,0.0718232953288701,0.802231999826715,24,0.997755451486575
GGH,0.197666306847336,0.578570226694367,26,0.997755451486575
NRCAM,-0.219642468164316,0.556124800285707,23,0.997755451486575
INPP5D,-0.0046663898039334,0.986850664981182,25,0.997755451486575
NEO1,-0.243945464926672,0.258775933812088,26,0.997755451486575
OSTF1,-0.210877299132807,0.356056636570647,26,0.997755451486575
COPS5,-0.290449608600261,0.0994681049973539,26,0.997755451486575
PRG4,0.0525031806419947,0.856242144729074,26,0.997755451486575
TNPO1,-0.308964977435956,0.161029854863176,26,0.997755451486575
ARHGEF2,0.0581846331776157,0.708143435474825,25,0.997755451486575
USP9X,0.535776119487299,0.00786048105099712,25,0.997755451486575
USP7,-0.10301829951302,0.585332422934357,26,0.997755451486575
CUL5,0.375298087481771,0.149265084828857,25,0.997755451486575
ATP6V0A1,-0.0808358888627794,0.618964474189188,26,0.997755451486575
LPP,0.0154016509587056,0.937828257996457,26,0.997755451486575
ATP2A3,0.0854004837896498,0.711636961222563,26,0.997755451486575
WBP2,0.0257766336457696,0.932318549132322,25,0.997755451486575
NCLN,-0.0835566196409921,0.6033649371099,26,0.997755451486575
RILPL2,-0.513389719070176,0.0994704576033743,26,0.997755451486575
TMBIM1,0.49092878397068,0.0382263763580847,26,0.997755451486575
ERGIC1,-0.306675793320871,0.31738555864561,26,0.997755451486575
FAM162A,0.0621904192285998,0.805468896834095,26,0.997755451486575
SYAP1,-0.0567149567691101,0.767786763755596,26,0.997755451486575
EXOC4,-0.201587180682222,0.114506081937095,26,0.997755451486575
LRRC59,-0.329674118795378,0.479435577398938,26,0.997755451486575
ESAM,0.173989376509666,0.300657419881472,26,0.997755451486575
RAB37,-0.0354581105878691,0.852184857524696,26,0.997755451486575
ARL8A,-0.17183708531747,0.424519755205322,26,0.997755451486575
DOCK10,-0.122342911866858,0.518803843977069,26,0.997755451486575
SYTL4,0.0211974918090477,0.919158771903963,26,0.997755451486575
FAF2,-0.00868186980689283,0.97831326165442,26,0.997755451486575
OPTN,0.000598709901150922,0.998283043003739,22,0.999431619978059
AP2M1,-0.0238105419200279,0.887059205012329,26,0.997755451486575
CMTM5,-0.535509962240355,0.123587403677137,24,0.997755451486575
RAB3C,0.0258784538893229,0.918508525743671,25,0.997755451486575
CCDC126,0.445491381698808,0.197754679725234,26,0.997755451486575
CYFIP2,0.0245138713096493,0.963718373474843,26,0.997755451486575
SIPA1,-0.200529870590851,0.543222383497336,26,0.997755451486575
CERS2,0.079642708151842,0.548530308111529,24,0.997755451486575
PDLIM5,0.144750699788893,0.362908793484741,26,0.997755451486575
FUBP3,-0.0283981970898062,0.893764460959392,26,0.997755451486575
ATP5MK,0.277632348176124,0.325591064820115,25,0.997755451486575
TXNDC15,-0.0900606056000012,0.721935673303337,26,0.997755451486575
DCHS1,0.04698250189573,0.879561200151876,21,0.997755451486575
USP47,-0.149140252227242,0.374383534930819,26,0.997755451486575
CNDP1,-0.55192010355519,0.234945747919458,26,0.997755451486575
EXOC2,0.233175577409753,0.292357906615828,26,0.997755451486575
FGD4,0.0547199868604872,0.71776379563851,24,0.997755451486575
RIPOR3,-0.0180095907058114,0.941455317380448,26,0.997755451486575
ARAP1,0.0641087023220233,0.647162922809682,26,0.997755451486575
IPO9,-0.0812189507575646,0.693502985976385,26,0.997755451486575
PGLYRP2,0.106201776434627,0.746930699884366,26,0.997755451486575
VPS35,-0.231807031768538,0.29021840298214,26,0.997755451486575
F2RL3,0.0484849256435709,0.885972855784816,25,0.997755451486575
VPS13A,0.0704592412549145,0.665499486859218,26,0.997755451486575
ERBIN,0.0605061926719418,0.758730364335152,26,0.997755451486575
PPP1R9B,0.00505716564846382,0.97629583574296,26,0.997755451486575
RUFY1,-0.0711195124391608,0.7047716012068,26,0.997755451486575
MMS19,0.231539271388848,0.31519072889016,26,0.997755451486575
CYTH2,-0.0993312480979497,0.544200279772497,25,0.997755451486575
TBCB,-0.0526291808117559,0.846666367153571,25,0.997755451486575
CNN2,0.0217954104166033,0.94247383672401,26,0.997755451486575
SEC62,-0.0545399970701998,0.759130068212836,26,0.997755451486575
PSMD1,0.00607819157781131,0.969930867268661,26,0.997755451486575
PFDN5,0.28666799625593,0.28685263557837,26,0.997755451486575
GAS2L1,-0.00539267383555453,0.982829778318939,26,0.997755451486575
MMP19,-0.258298480622495,0.225765349901982,26,0.997755451486575
TSNAX,-0.273227350107816,0.350843750841414,25,0.997755451486575
EIF3C;EIF3CL,0.0561477213275247,0.809194302574375,26,0.997755451486575
PHB2,-0.078043768881936,0.691801743724555,26,0.997755451486575
COPS8,-0.186163996824444,0.424123979720976,26,0.997755451486575
MAP3K5,0.435428953880364,0.12839067538559,24,0.997755451486575
MGLL,0.0460634214079752,0.789592251584682,26,0.997755451486575
DOK1,0.231311344050593,0.260015637439074,26,0.997755451486575
HSD17B10,0.0724395579445131,0.666693137390205,25,0.997755451486575
COL12A1,0.0496308182441792,0.811615684154666,26,0.997755451486575
SEPTIN5,0.0363065824015054,0.895499266305122,26,0.997755451486575
NAP1L4,-0.0967143031311123,0.744209360984862,26,0.997755451486575
NAPG,0.00978387887695488,0.952310050371069,26,0.997755451486575
ACO2,0.0779228003490597,0.619803819602728,26,0.997755451486575
TSG101,0.245366534614862,0.187240403391987,26,0.997755451486575
CPNE1,0.546246856436033,0.0309372396674262,25,0.997755451486575
CCT7,-0.0264066337163703,0.89294640875592,26,0.997755451486575
SH3GL1,-0.372576130366901,0.113425961311503,25,0.997755451486575
OMD,0.182018066666575,0.496363500609086,26,0.997755451486575
CORO1B,-0.541553925160863,0.0477882199855915,26,0.997755451486575
SDF4,-0.772028589664682,0.0252323628454047,26,0.997755451486575
ERP44,-0.0208843332501197,0.931089018106213,26,0.997755451486575
TUBGCP2,-0.00389996931202734,0.988760804117008,26,0.998203505064155
ESYT1,-0.228215951492077,0.404349768921344,26,0.997755451486575
COPS4,-0.125858883698634,0.361858009443403,26,0.997755451486575
TMEM43,0.0200825960605928,0.887126760341656,26,0.997755451486575
TUBB6,-0.375615913516149,0.0665894567668573,26,0.997755451486575
PDCD10,-0.131614680381054,0.769050755364904,25,0.997755451486575
MENT,-0.530352096944916,0.207780599086221,26,0.997755451486575
VAMP8,0.385887909024237,0.420767556355286,25,0.997755451486575
TMED9,-0.137869565801466,0.706981959329652,26,0.997755451486575
SARG,-0.168346810871875,0.404830593462868,26,0.997755451486575
SFXN3,0.176692618021193,0.358412951845451,26,0.997755451486575
COLEC11,-0.213723654801084,0.27513480373539,26,0.997755451486575
GTPBP2,-0.0176540654619219,0.923079602044213,25,0.997755451486575
JAM3,0.0322226826173874,0.863141346035602,23,0.997755451486575
HINT2,-0.57767668146852,0.0255228170543997,26,0.997755451486575
C1QTNF3,-0.0817353228965341,0.842886593517293,26,0.997755451486575
ASPN,-0.156949166282937,0.528966088335148,26,0.997755451486575
AP1M1,0.0353568673834636,0.811786914417334,26,0.997755451486575
EMILIN2,-0.133685146296938,0.628387357242429,23,0.997755451486575
CHMP4A,0.203492075520625,0.500481314918791,26,0.997755451486575
CDHR2,-0.441496350521434,0.136940302062255,26,0.997755451486575
PITPNM2,0.39144868255521,0.172159846798537,25,0.997755451486575
UACA,0.0565453200420113,0.677915470812447,26,0.997755451486575
PPP1R12C,0.242521193441743,0.0822951883204623,26,0.997755451486575
UBE2O,-0.0593440829217693,0.657541869124163,26,0.997755451486575
TTYH3,0.0465197084943191,0.883646647380421,26,0.997755451486575
MTMR12,-0.0662765441034647,0.581655268407761,25,0.997755451486575
TWSG1,-0.235421955658844,0.469917502181009,25,0.997755451486575
MFF,0.0895509250746312,0.795705168434463,26,0.997755451486575
UBA5,0.10353918012598,0.792319937307856,26,0.997755451486575
TOLLIP,0.0256822418137993,0.863434534399186,26,0.997755451486575
HDHD2,-0.0761111214190994,0.665543308679773,26,0.997755451486575
RAB1B,-0.0414031143457074,0.87695278753901,26,0.997755451486575
CDH19,-0.149949268697555,0.62849471381856,26,0.997755451486575
CDH23,-0.186686048878672,0.680054185792576,26,0.997755451486575
VPS33B,-0.0168730178941837,0.905200497725792,25,0.997755451486575
VPS11,-0.0419809862037744,0.839499439489684,25,0.997755451486575
SH3BGRL3,0.617517037031997,0.0546946651527187,26,0.997755451486575
SLK,0.0988658527972943,0.322970848959927,26,0.997755451486575
TAOK3,0.100879728762106,0.42794108289606,25,0.997755451486575
PPA2,-0.331044516471481,0.361157904234699,25,0.997755451486575
TMX1,0.0731519631306045,0.80234803805866,26,0.997755451486575
UNC45A,0.00470134246729691,0.969407607838495,26,0.997755451486575
C1orf198,-0.0350150423574486,0.871313042530951,25,0.997755451486575
CHMP4B,0.146549951366425,0.710726109489142,26,0.997755451486575
RWDD1,-0.150736816606643,0.598582440563447,26,0.997755451486575
FN3K,0.0292893463706544,0.907198721301628,26,0.997755451486575
DPEP2,-0.221180339428316,0.487762993650133,26,0.997755451486575
TUBB1,0.0844519981202127,0.739494009955928,26,0.997755451486575
GLIPR2,0.150489359462633,0.75355067011015,26,0.997755451486575
EHD1,-0.0377532644841626,0.843110707880553,26,0.997755451486575
SLA2,-0.190389591762824,0.494044201708859,26,0.997755451486575
ANTXR1,0.086846744060076,0.770967796784942,26,0.997755451486575
DOCK5,0.244032543947094,0.0749133440586225,26,0.997755451486575
PPP1R3E,0.121454431701661,0.44846327926941,26,0.997755451486575
VSIR,0.250670784244865,0.361294304401655,26,0.997755451486575
TMT1A,-0.133494820498987,0.4248012689359,26,0.997755451486575
MANSC1,-0.0834589143810166,0.747788537800716,26,0.997755451486575
PLEKHF2,0.0864559738302018,0.687388079100488,26,0.997755451486575
PSTPIP2,-0.351866534567303,0.121712020086018,26,0.997755451486575
SFXN1,0.308241938924135,0.239242366345292,25,0.997755451486575
VPS37B,-0.12872439406522,0.438074531958615,26,0.997755451486575
COPS7B,-0.0479085613142169,0.873738030062246,26,0.997755451486575
CDHR5,-0.392702978574945,0.318255932140934,25,0.997755451486575
RDH14,0.264801574265342,0.289084079238293,26,0.997755451486575
PARVB,0.103085617728005,0.666252707526186,26,0.997755451486575
TNS1,-0.0420492385973842,0.797687540080475,26,0.997755451486575
ADGRL4,-0.223238626859489,0.380899926063958,26,0.997755451486575
EML4,0.242964908330802,0.0681293460345229,26,0.997755451486575
PCDH18,-0.0634615225629679,0.842527215670316,26,0.997755451486575
PLXNA4,-0.163607570275095,0.413483617681126,26,0.997755451486575
GP6,0.0767452344330562,0.621010959294637,26,0.997755451486575
CD248,-0.529181782113154,0.350332622092274,26,0.997755451486575
APMAP,0.278464189345528,0.162365455752658,26,0.997755451486575
ABCB6,0.210798432570147,0.182675960023642,25,0.997755451486575
PCDH12,-0.274074344506719,0.309102142691033,26,0.997755451486575
CASS4,0.00428393849072405,0.977359022687823,26,0.997755451486575
CRTAC1,-0.289590751003903,0.312977233152181,26,0.997755451486575
RTN4,0.260750032816448,0.427922691108694,26,0.997755451486575
KIF13B,-0.00706565210180122,0.962569544287932,26,0.997755451486575
XPNPEP1,-0.109916847345806,0.615792204233838,26,0.997755451486575
PDLIM7,-0.238481087776521,0.0902072441210705,26,0.997755451486575
DIABLO,0.104817742229853,0.652812890687159,26,0.997755451486575
SAR1A,0.142489659691584,0.519096521690523,26,0.997755451486575
MXRA5,-0.288321163762794,0.344707374867687,26,0.997755451486575
STRN4,0.220664622699631,0.258286742279268,25,0.997755451486575
CDC42SE2,0.00241322581732467,0.992215997276378,24,0.998203505064155
RAB6B,-0.204599873173,0.413564499740833,26,0.997755451486575
VPS45,0.111024369026995,0.562557860522323,26,0.997755451486575
FAM114A2,0.289216742760926,0.11340411180165,26,0.997755451486575
RGS18,0.0338520190888617,0.900181368859742,26,0.997755451486575
THSD1,-0.485586687244148,0.156090441275218,25,0.997755451486575
FARSB,0.101329561195006,0.697425586055025,26,0.997755451486575
IARS2,0.0155936347496829,0.919380309137707,24,0.997755451486575
ATG3,0.0808011180940128,0.849490815543069,26,0.997755451486575
SACM1L,-0.127288165409933,0.66422902897349,26,0.997755451486575
EXOC1,0.393189650794471,0.0664601026305089,25,0.997755451486575
TMEM30A,-0.133650169133416,0.344422746480665,26,0.997755451486575
SEPTIN11,0.43182683132868,0.0222772165324317,26,0.997755451486575
FGFR1OP2,-0.333260360458143,0.0233832424394416,24,0.997755451486575
OCIAD1,0.198459386365705,0.447799306365045,25,0.997755451486575
CMTM6,0.43471616103813,0.118490663722956,25,0.997755451486575
TOR4A,0.285773293193091,0.0986269821387521,26,0.997755451486575
NDE1,-0.252364073552698,0.310893903202608,25,0.997755451486575
BABAM2,0.0971179977815983,0.649932001967706,26,0.997755451486575
TUBA8,-0.00919969019996006,0.972592265017813,26,0.997755451486575
B3GNT2,0.022795332915295,0.940215730358157,26,0.997755451486575
TAB2,0.0491545654013811,0.760513302654865,26,0.997755451486575
TMOD3,0.0583582177481998,0.811997754639134,26,0.997755451486575
CELSR1,-0.248698159869559,0.539903871011485,26,0.997755451486575
UGGT1,0.0675458561269228,0.453719771823608,26,0.997755451486575
FAM120A,-0.0363604516662936,0.846607142639984,25,0.997755451486575
EHD3,-0.0406335927554749,0.787640616312626,26,0.997755451486575
ARHGEF12,0.385872501203062,0.129458611773248,26,0.997755451486575
C1RL,-0.0784042739545714,0.798643339518786,26,0.997755451486575
NCKIPSD,0.107305423465324,0.542444368513039,26,0.997755451486575
NDUFA13,0.104296017608627,0.687407040817618,26,0.997755451486575
VAPA,-0.215208554202169,0.363744174455434,26,0.997755451486575
GMIP,0.144869791938428,0.423578801771308,25,0.997755451486575
CALCOCO1,0.229249233972228,0.190431837361754,26,0.997755451486575
RELCH,-0.150456484963216,0.236126610825516,26,0.997755451486575
SLAIN2,0.159165502766702,0.457717319679625,26,0.997755451486575
RRBP1,0.209141902707131,0.227454101150305,25,0.997755451486575
LARS1,0.0593605239664141,0.764945964548426,25,0.997755451486575
EPS15L1,-0.301119490249934,0.14130132392783,26,0.997755451486575
COPG2,0.0763235763498831,0.655389989880616,25,0.997755451486575
DKK3,-0.375633574427098,0.237779898492647,26,0.997755451486575
VPS29,-0.210795293473788,0.234539928946032,25,0.997755451486575
BIN2,0.283568010403794,0.272321814917469,26,0.997755451486575
FBLN5,-0.292244755800262,0.152204242711801,26,0.997755451486575
CLIP2,0.0209206333982458,0.896532304367439,25,0.997755451486575
TJP2,-0.108904957489006,0.600085005040098,26,0.997755451486575
VTI1B,-0.139889293852969,0.427375024365735,25,0.997755451486575
ADD3,0.124531828328632,0.328518419132025,26,0.997755451486575
NIPSNAP3A,0.176737298616748,0.099835927461329,26,0.997755451486575
LIMD1,0.138704307551963,0.594612824257695,24,0.997755451486575
ARMCX3,-0.0389125799226002,0.855948552791797,26,0.997755451486575
LIMA1,0.102358808491947,0.555217543288455,25,0.997755451486575
PCYOX1,-0.00367215067191557,0.990816647376144,25,0.998203505064155
CYB5R1,-0.0665523317244403,0.681688374190323,26,0.997755451486575
NRBP1,-0.0837340676960653,0.638761325911571,26,0.997755451486575
NDUFA12,0.0231240715583976,0.921119888882527,25,0.997755451486575
EIF2B4,-0.240187731713976,0.188256695582225,26,0.997755451486575
ATP6V1H,-0.0500911378874523,0.762907666594524,25,0.997755451486575
CD84,0.210471072845113,0.448186874401096,26,0.997755451486575
AK3,-0.406326595742193,0.0770544628066783,25,0.997755451486575
DBNL,-0.217337300161003,0.41159083331888,26,0.997755451486575
DCTN4,-0.524385555094838,0.0162702706233801,25,0.997755451486575
STOML2,0.135086047253084,0.642391922653993,26,0.997755451486575
SERPINA10,-0.102322427640555,0.582229056894417,26,0.997755451486575
TNIK,0.0397937966781286,0.849219759282688,26,0.997755451486575
APPL1,-0.237760738976747,0.115080983853621,25,0.997755451486575
PSME2,0.404905242937264,0.0355486168811769,26,0.997755451486575
ACSL5,-0.175179345565584,0.486040704903908,26,0.997755451486575
ASAP1,0.0996511209528291,0.429354632069709,26,0.997755451486575
HEG1,-0.218239148256442,0.366508923648157,26,0.997755451486575
STRIP2,-0.325132849172544,0.218576775193824,25,0.997755451486575
CORO1C,0.0150621114307871,0.924805014464385,26,0.997755451486575
VPS4A,0.141102113985026,0.572136897071501,25,0.997755451486575
PACSIN2,0.0105149061631177,0.960698201742129,26,0.997755451486575
MAGED2,0.204797400194165,0.28037378419328,26,0.997755451486575
SNX6,0.075069334320833,0.739533791262798,26,0.997755451486575
PSMD13,-0.0751867689518997,0.557716213580527,26,0.997755451486575
FAF1,-0.276541055518805,0.21611037696308,26,0.997755451486575
COPS3,0.171516442180078,0.387056671389389,26,0.997755451486575
MINPP1,0.384370505694455,0.331768974625469,26,0.997755451486575
NSFL1C,-0.0585705982826214,0.813287896607713,25,0.997755451486575
ADAMTS8,-0.437884860227245,0.369780297936246,25,0.997755451486575
MACF1,0.12840728985303,0.323705407994477,26,0.997755451486575
PPP6R1,0.228307341801476,0.450214703397164,26,0.997755451486575
EXOC7,-0.141166153555771,0.390211726417071,25,0.997755451486575
USP24,0.000102978895249117,0.999382721343622,26,0.999431619978059
TRPC6,-0.152479466494938,0.472320708614906,26,0.997755451486575
RTRAF,0.302974128724539,0.00824014627024146,26,0.997755451486575
RUVBL2,0.16022655936247,0.404218645599206,26,0.997755451486575
CLEC11A,-0.155336357986251,0.651051374643576,26,0.997755451486575
HPSE,0.0504062550779654,0.816529720033285,26,0.997755451486575
EIF3L,-0.0611695795936359,0.735711517842891,26,0.997755451486575
RUVBL1,-0.0891738727170872,0.690698667498313,26,0.997755451486575
NUDC,0.110947779836116,0.553755588560511,24,0.997755451486575
ST3GAL6,0.00770961590742957,0.985042744081774,26,0.997755451486575
VDAC3,-0.365495200852104,0.251339098103058,26,0.997755451486575
VSIG4,0.277036402959518,0.622876249637792,24,0.997755451486575
ITM2B,0.0351679261779721,0.897357670419195,26,0.997755451486575
NCKAP1,0.259494655582927,0.184825039979539,26,0.997755451486575
CNPY2,0.0240284587143226,0.934423248048748,26,0.997755451486575
EXOC6B,-0.270496668128115,0.319706066493008,26,0.997755451486575
ATP11B,-0.0100207047119376,0.962069263996121,25,0.997755451486575
FRMD4B,0.232720203388499,0.155757299667478,26,0.997755451486575
ATP8A1,0.192886361872357,0.16408973298233,26,0.997755451486575
GSTK1,0.00196969546609467,0.992385898291353,26,0.998203505064155
GIT1,0.0359796922326664,0.865085895029723,26,0.997755451486575
DERA,-0.148133287676998,0.301883394450756,26,0.997755451486575
LSM2,-0.66419045628012,0.0437554443967931,24,0.997755451486575
SH3GLB1,-0.109378471620316,0.403502493758905,26,0.997755451486575
UBE2J1,0.461448223853595,0.0729143697848321,26,0.997755451486575
DHRS7,0.228134852480692,0.324373698817426,26,0.997755451486575
TMED7,-0.229136158835223,0.461037078533023,26,0.997755451486575
RNF11,-0.505592494844339,0.187763479533236,26,0.997755451486575
UFC1,0.0351837131920948,0.864912288142626,22,0.997755451486575
PTRH2,0.262056317202719,0.159371267351428,25,0.997755451486575
STRAP,-0.430289712914275,0.0144222438746887,26,0.997755451486575
RTCB,-0.0799571241074481,0.626701498936201,26,0.997755451486575
RABGAP1,-0.146067307428799,0.390561207027516,25,0.997755451486575
HBS1L,0.162642857251053,0.49065386911306,26,0.997755451486575
PRKAB1,0.0992872080414273,0.627315697104022,26,0.997755451486575
TLN1,0.0295154854444185,0.90957967031338,26,0.997755451486575
DAAM1,0.285360161399424,0.066589923115828,26,0.997755451486575
USP15,-0.0177247480616142,0.895648507287259,26,0.997755451486575
TLN2,0.448103154016274,0.364584202800837,24,0.997755451486575
MYO5A,0.264765834122586,0.133535548654203,26,0.997755451486575
HYOU1,-0.183102511210613,0.205875691693798,26,0.997755451486575
CD2AP,-0.0460715328213437,0.864108924210083,26,0.997755451486575
SRPRB,0.24239594043588,0.303780785990155,26,0.997755451486575
CDC42BPB,0.161767087683742,0.12269033159194,26,0.997755451486575
SNX9,-0.0614177969485141,0.739232732391912,26,0.997755451486575
LRRFIP2,0.133242834523053,0.484865308022262,26,0.997755451486575
FHOD1,-0.0444208870548672,0.831865022750399,26,0.997755451486575
F11R,0.0924226886853659,0.591278247707304,26,0.997755451486575
COPG1,0.0172852978460535,0.912461958364045,26,0.997755451486575
EMILIN1,0.356637672449494,0.110490108685982,26,0.997755451486575
MTCH2,0.411433372152775,0.0732765569007712,26,0.997755451486575
ARFGEF1,0.072815310246916,0.614267834558942,26,0.997755451486575
STK24,-0.185443273069192,0.281867384437246,26,0.997755451486575
IRAG1,0.260678670804108,0.191402675821393,26,0.997755451486575
DYNC1LI1,-0.227183465263923,0.1730836795855,25,0.997755451486575
TEX264,0.105199465754519,0.781668170839244,24,0.997755451486575
CEPT1,-0.133980943332592,0.590744971160745,25,0.997755451486575
IKBKG,-0.26723678404993,0.107566754266701,25,0.997755451486575
SQOR,0.404115595663089,0.116580870536898,26,0.997755451486575
FCGBP,-0.404991666231451,0.370429874201803,26,0.997755451486575
WASF2,-0.101118993902207,0.633588747869994,24,0.997755451486575
SEC23IP,-0.222239972753039,0.376336727834034,26,0.997755451486575
COLEC10,-0.146971421584572,0.740725766373912,26,0.997755451486575
