ID,Description,GeneRatio,BgRatio,RichFactor,FoldEnrichment,zScore,pvalue,p.adjust,qvalue,geneID,Count,set,ontology,category,subcategory
GO:0007155,cell adhesion,48/126,289/1487,0.166089965397924,1.96012522656121,5.53113180420559,2.48219097778698e-07,0.000464914370139501,0.000449145925349034,SVEP1/TMOD3/COL18A1/TNC/NRP2/LRRC32/DPT/DOCK5/THSD1/OPA1/CDH6/RELN/ACTN1/SELL/PCDH18/COL12A1/NCAM1/TGFB1/TNXB/CDH5/PDIA3/DCHS1/APOD/ACTN4/NRP1/GP6/CD44/APLP1/FAT1/OMD/IGF1/LAMC1/PLEK/THBS3/HSPG2/COL14A1/FLOT2/PRKCA/SLK/CLSTN1/FBLN2/ADAMTS13/PLXNA4/RAC1/CDH19/VCL/VCAM1/PECAM1,48,alle,BP,,
GO:0034329,cell junction assembly,19/126,88/1487,0.215909090909091,2.54806998556999,4.5539544671305,6.75934729085893e-05,0.0385674758823714,0.037259387440243,THSD1/CDH6/RELN/ACTN1/CDH5/APOD/NRP1/LAMC1/AGT/PRKCA/SLK/CLSTN1/PLXNA4/CAPZA1/RAC1/CDH19/VCL/EIF4G1/PECAM1,19,alle,BP,,
GO:0007166,cell surface receptor signaling pathway,44/126,312/1487,0.141025641025641,1.66432641432641,4.01518443547454,0.000105593124703538,0.0385674758823714,0.037259387440243,SVEP1/NRP2/IGF2R/LRRC32/EMD/ASPN/COLEC10/CDH6/ADGRL4/RELN/NCAM1/TGFB1/TNXB/CDH5/PDIA3/UBE2O/APOD/LTBP4/ACTN4/VCP/CSPG4/NRP1/GP6/CD44/ADGRG6/IGF1/LAMC1/PLEK/DCN/AGT/P2RX1/HSPG2/ADGRF5/PRKCA/ADAMTS13/PIP4K2A/KALRN/PLXNA4/RAC1/VASN/SORL1/MUC20/PECAM1/LTBP2,44,alle,BP,,
GO:0030198,extracellular matrix organization,14/126,57/1487,0.245614035087719,2.89863547758285,4.4460732707234,0.000157898148280894,0.0385674758823714,0.037259387440243,COL18A1/DPT/PTX3/COL12A1/TGFB1/TNXB/LTBP4/MMP19/APLP1/LAMC1/AGT/QSOX1/COL14A1/ADAMTS13,14,alle,BP,,
GO:0043062,extracellular structure organization,14/126,57/1487,0.245614035087719,2.89863547758285,4.4460732707234,0.000157898148280894,0.0385674758823714,0.037259387440243,COL18A1/DPT/PTX3/COL12A1/TGFB1/TNXB/LTBP4/MMP19/APLP1/LAMC1/AGT/QSOX1/COL14A1/ADAMTS13,14,alle,BP,,
GO:0045229,external encapsulating structure organization,14/126,57/1487,0.245614035087719,2.89863547758285,4.4460732707234,0.000157898148280894,0.0385674758823714,0.037259387440243,COL18A1/DPT/PTX3/COL12A1/TGFB1/TNXB/LTBP4/MMP19/APLP1/LAMC1/AGT/QSOX1/COL14A1/ADAMTS13,14,alle,BP,,
GO:0048754,branching morphogenesis of an epithelial tube,7/126,16/1487,0.4375,5.16319444444445,5.09267503926475,0.000159570079742821,0.0385674758823714,0.037259387440243,TNC/CTSH/TGFB1/DCHS1/NRP1/AGT/PHB2,7,alle,BP,,
GO:0034330,cell junction organization,25/126,142/1487,0.176056338028169,2.0777442432372,4.10737500989262,0.000164730276059248,0.0385674758823714,0.037259387440243,SVEP1/TNC/NRP2/THSD1/CDH6/RELN/ACTN1/TGFB1/CDH5/APOD/VCP/NRP1/LAMC1/TUBB/AGT/PRKCA/SLK/CLSTN1/PLXNA4/CAPZA1/RAC1/CDH19/VCL/EIF4G1/PECAM1,25,alle,BP,,
GO:0070848,response to growth factor,19/126,96/1487,0.197916666666667,2.33573082010582,4.11582227268011,0.000235808719391949,0.0490744146023466,0.0474099635830128,TNC/NRP2/LRRC32/EMD/ASPN/MXRA5/TGFB1/TNXB/CDH5/UBE2O/LTBP4/NRP1/CD44/DCN/AGT/VASN/SORL1/VCAM1/LTBP2,19,alle,BP,,
GO:0031012,extracellular matrix,32/127,158/1516,0.20253164556962,2.41762184790192,5.69109860483691,4.51114061050665e-07,7.14136993644558e-05,7.04567086369073e-05,COL18A1/TNC/LRRC32/DPT/PTX3/ASPN/CTSH/MXRA5/RELN/COL12A1/NCAM1/TGFB1/TNXB/SERPINA5/LTBP4/MMP19/CSPG4/APLP1/OMD/ANGPTL6/LAMC1/THBS3/DCN/AGT/MGP/HSPG2/COL14A1/FBLN2/ADAMTS13/VASN/PRG2/LTBP2,32,alle,CC,,
GO:0030312,external encapsulating structure,32/127,159/1516,0.20125786163522,2.40241667904719,5.64992601163899,5.27038371693401e-07,7.14136993644558e-05,7.04567086369073e-05,COL18A1/TNC/LRRC32/DPT/PTX3/ASPN/CTSH/MXRA5/RELN/COL12A1/NCAM1/TGFB1/TNXB/SERPINA5/LTBP4/MMP19/CSPG4/APLP1/OMD/ANGPTL6/LAMC1/THBS3/DCN/AGT/MGP/HSPG2/COL14A1/FBLN2/ADAMTS13/VASN/PRG2/LTBP2,32,alle,CC,,
GO:0062023,collagen-containing extracellular matrix,25/127,140/1516,0.178571428571429,2.13160854893138,4.24823052010029,0.000107954657959245,0.0097519041023185,0.00962122214794678,COL18A1/TNC/DPT/ASPN/CTSH/MXRA5/COL12A1/NCAM1/TGFB1/TNXB/SERPINA5/LTBP4/CSPG4/APLP1/ANGPTL6/LAMC1/THBS3/DCN/AGT/MGP/HSPG2/COL14A1/FBLN2/PRG2/LTBP2,25,alle,CC,,
GO:0009986,cell surface,24/127,136/1516,0.176470588235294,2.1065308012969,4.08837263215589,0.00018521915171047,0.0125485975283844,0.0123804380353841,APMAP/IGF2R/LRRC32/COLEC10/SELL/NCAM1/TGFB1/CDH5/PDIA3/SERPINA5/CSPG4/GP6/CD44/ADGRG6/P2RX1/ADGRF5/CLSTN1/ADAMTS13/VASN/SORL1/PHB2/VCAM1/PECAM1/LDLR,24,alle,CC,,
GO:0007155,cell adhesion,33/75,289/1487,0.114186851211073,2.2639446366782,5.51532681238267,5.11408017375437e-07,0.00072169306763314,0.00068875272014781,SVEP1/COL18A1/TNC/NRP2/DPT/THSD1/CDH6/RELN/SELL/PCDH18/COL12A1/NCAM1/TNXB/CDH5/PDIA3/DCHS1/APOD/NRP1/CD44/APLP1/FAT1/OMD/IGF1/LAMC1/THBS3/HSPG2/COL14A1/CLSTN1/FBLN2/ADAMTS13/CDH19/VCL/VCAM1,33,opp,BP,,
GO:0030198,extracellular matrix organization,13/75,57/1487,0.228070175438597,4.52187134502924,6.24691482032176,1.99638469608061e-06,0.00072169306763314,0.00068875272014781,COL18A1/DPT/PTX3/COL12A1/TNXB/LTBP4/MMP19/APLP1/LAMC1/AGT/QSOX1/COL14A1/ADAMTS13,13,opp,BP,,
GO:0043062,extracellular structure organization,13/75,57/1487,0.228070175438597,4.52187134502924,6.24691482032176,1.99638469608061e-06,0.00072169306763314,0.00068875272014781,COL18A1/DPT/PTX3/COL12A1/TNXB/LTBP4/MMP19/APLP1/LAMC1/AGT/QSOX1/COL14A1/ADAMTS13,13,opp,BP,,
GO:0045229,external encapsulating structure organization,13/75,57/1487,0.228070175438597,4.52187134502924,6.24691482032176,1.99638469608061e-06,0.00072169306763314,0.00068875272014781,COL18A1/DPT/PTX3/COL12A1/TNXB/LTBP4/MMP19/APLP1/LAMC1/AGT/QSOX1/COL14A1/ADAMTS13,13,opp,BP,,
GO:0009887,animal organ morphogenesis,14/75,76/1487,0.184210526315789,3.65228070175439,5.46871716300488,1.16050174331311e-05,0.0033561710416615,0.00320298481154417,COL18A1/TNC/NRP2/ASPN/CTSH/DCHS1/NRP1/APLP1/FAT1/ADGRG6/THBS3/DCN/AGT/MGP,14,opp,BP,,
GO:0048513,animal organ development,30/75,287/1487,0.104529616724739,2.07247386759582,4.65971904718949,1.63331276978791e-05,0.00358460738364249,0.00342099459849698,COL18A1/TNC/NRP2/IGF2R/PTX3/ASPN/CTSH/RELN/PCDH18/NCAM1/TNXB/DCHS1/APOD/NRP1/CD44/APLP1/FAT1/ADGRG6/IGF1/THBS3/DCN/AGT/MGP/HSPG2/COL14A1/NME1/VASN/APOA2/SORL1/VCAM1,30,opp,BP,,
GO:0072359,circulatory system development,20/75,148/1487,0.135135135135135,2.67927927927928,4.9600515079787,1.73657435776792e-05,0.00358460738364249,0.00342099459849698,SVEP1/COL18A1/NRP2/CTSH/CDH5/DCHS1/APOD/MMP19/CSPG4/NRP1/ADGRG6/ANGPTL6/IGF1/DCN/HSPG2/COL14A1/ADGRF5/PLXDC1/VCAM1/LDLR,20,opp,BP,,
GO:0009653,anatomical structure morphogenesis,32/75,322/1487,0.0993788819875776,1.97035196687371,4.5322822895521,2.17535655860658e-05,0.00358460738364249,0.00342099459849698,SVEP1/COL18A1/TNC/NRP2/ASPN/CTSH/CDH6/RELN/COL12A1/NCAM1/CDH5/DCHS1/APOD/MMP19/CSPG4/NRP1/CD44/APLP1/FAT1/ADGRG6/ANGPTL6/THBS3/DCN/AGT/MGP/HSPG2/ADGRF5/PLXDC1/B3GNT2/CDH19/VCL/LDLR,32,opp,BP,,
GO:0048731,system development,38/75,421/1487,0.0902612826603325,1.78958036421219,4.40840486613733,2.23108343380238e-05,0.00358460738364249,0.00342099459849698,SVEP1/COL18A1/TNC/NRP2/IGF2R/PTX3/CTSH/RELN/PCDH18/NCAM1/TNXB/CDH5/DCHS1/APOD/MMP19/CSPG4/NRP1/CD44/APLP1/FAT1/ADGRG6/ANGPTL6/IGF1/THBS3/DCN/AGT/MGP/HSPG2/COL14A1/NME1/ADGRF5/PLXDC1/CLSTN1/B3GNT2/VCL/SORL1/VCAM1/LDLR,38,opp,BP,,
GO:0035239,tube morphogenesis,17/75,118/1487,0.14406779661017,2.85638418079096,4.84205620799334,3.71254251014198e-05,0.00536833646966531,0.00512330866399594,COL18A1/TNC/NRP2/CTSH/CDH5/DCHS1/APOD/MMP19/CSPG4/NRP1/ANGPTL6/DCN/AGT/HSPG2/ADGRF5/PLXDC1/LDLR,17,opp,BP,,
GO:0070848,response to growth factor,15/75,96/1487,0.15625,3.09791666666667,4.89646858802756,4.37001923197537e-05,0.00574458891766945,0.00548238776375093,TNC/NRP2/ASPN/MXRA5/TNXB/CDH5/LTBP4/NRP1/CD44/DCN/AGT/VASN/SORL1/VCAM1/LTBP2,15,opp,BP,,
GO:0098742,cell-cell adhesion via plasma-membrane adhesion molecules,9/75,38/1487,0.236842105263158,4.69578947368421,5.31725536109127,6.49994798428378e-05,0.00763943766620105,0.00729074963994291,CDH6/SELL/PCDH18/CDH5/DCHS1/FAT1/CLSTN1/CDH19/VCAM1,9,opp,BP,,
GO:0060485,mesenchyme development,8/75,30/1487,0.266666666666667,5.28711111111111,5.46535377137008,6.86809748690274e-05,0.00763943766620105,0.00729074963994291,NRP2/NCAM1/TNXB/DCHS1/NRP1/IGF1/AGT/VASN,8,opp,BP,,
GO:0016477,cell migration,26/75,249/1487,0.104417670682731,2.07025435073628,4.26431267489402,8.3069290270665e-05,0.0080229953918977,0.00765680058147914,TNC/NRP2/CTSH/CDH6/RELN/SELL/TNXB/CDH5/DCHS1/APOD/AKAP12/CSPG4/NRP1/CD44/FAT1/IGF1/LAMC1/CHGA/DCN/AGT/PRSS3/CEMIP/CDH19/VCL/SORL1/VCAM1,26,opp,BP,,
GO:0007275,multicellular organism development,40/75,479/1487,0.0835073068893528,1.65567153792624,4.01556361530272,8.32260932769471e-05,0.0080229953918977,0.00765680058147914,SVEP1/COL18A1/TNC/NRP2/IGF2R/PTX3/ASPN/CTSH/RELN/PCDH18/COL12A1/NCAM1/TNXB/CDH5/DCHS1/APOD/MMP19/CSPG4/NRP1/CD44/APLP1/FAT1/ADGRG6/ANGPTL6/IGF1/THBS3/DCN/AGT/MGP/HSPG2/COL14A1/NME1/ADGRF5/PLXDC1/CLSTN1/B3GNT2/VCL/SORL1/VCAM1/LDLR,40,opp,BP,,
GO:0090287,regulation of cellular response to growth factor stimulus,9/75,41/1487,0.219512195121951,4.35219512195122,5.01487092805312,0.000123458133745832,0.0111575288372796,0.010648264035578,ASPN/TNXB/CDH5/LTBP4/NRP1/DCN/AGT/VASN/SORL1,9,opp,BP,,
GO:0009888,tissue development,23/75,213/1487,0.107981220657277,2.14090766823161,4.14455850802921,0.000150193239330099,0.0127752602394896,0.0121921570750316,SVEP1/COL18A1/TNC/NRP2/ASPN/CTSH/COL12A1/NCAM1/TNXB/CDH5/DCHS1/NRP1/CD44/FAT1/IGF1/LAMC1/THBS3/AGT/MGP/COL14A1/VASN/VCL/SORL1,23,opp,BP,,
GO:0016339,calcium-dependent cell-cell adhesion via plasma membrane cell adhesion molecules,5/75,12/1487,0.416666666666667,8.26111111111111,5.8186251983342,0.000171574273007664,0.013783133264949,0.0131540275972543,CDH6/SELL/CDH5/DCHS1/CDH19,5,opp,BP,,
GO:0048762,mesenchymal cell differentiation,7/75,26/1487,0.269230769230769,5.33794871794872,5.14124935065775,0.000190523591587168,0.01385051623679,0.0132183349977664,NRP2/NCAM1/TNXB/NRP1/IGF1/AGT/VASN,7,opp,BP,,
GO:0001944,vasculature development,15/75,109/1487,0.137614678899083,2.72844036697248,4.31882621403144,0.000200297673018037,0.01385051623679,0.0132183349977664,SVEP1/COL18A1/NRP2/CTSH/CDH5/APOD/MMP19/CSPG4/NRP1/ANGPTL6/DCN/HSPG2/ADGRF5/PLXDC1/LDLR,15,opp,BP,,
GO:0048514,blood vessel morphogenesis,14/75,97/1487,0.144329896907216,2.86158075601375,4.36900997101359,0.000201148576052966,0.01385051623679,0.0132183349977664,COL18A1/NRP2/CTSH/CDH5/APOD/MMP19/CSPG4/NRP1/ANGPTL6/DCN/HSPG2/ADGRF5/PLXDC1/LDLR,14,opp,BP,,
GO:0007166,cell surface receptor signaling pathway,29/75,312/1487,0.092948717948718,1.84286324786325,3.85867471351021,0.000246596289574019,0.014964046022752,0.0142810397727508,SVEP1/NRP2/IGF2R/ASPN/COLEC10/CDH6/ADGRL4/RELN/NCAM1/TNXB/CDH5/PDIA3/APOD/LTBP4/CSPG4/NRP1/CD44/ADGRG6/IGF1/LAMC1/DCN/AGT/HSPG2/ADGRF5/ADAMTS13/VASN/SORL1/MUC20/LTBP2,29,opp,BP,,
GO:0007156,homophilic cell adhesion via plasma membrane adhesion molecules,7/75,27/1487,0.259259259259259,5.14024691358025,5.0021232037592,0.000246891429342788,0.014964046022752,0.0142810397727508,CDH6/PCDH18/CDH5/DCHS1/FAT1/CLSTN1/CDH19,7,opp,BP,,
GO:0048870,cell motility,26/75,265/1487,0.0981132075471698,1.94525786163522,3.91075239648009,0.000248365909091319,0.014964046022752,0.0142810397727508,TNC/NRP2/CTSH/CDH6/RELN/SELL/TNXB/CDH5/DCHS1/APOD/AKAP12/CSPG4/NRP1/CD44/FAT1/IGF1/LAMC1/CHGA/DCN/AGT/PRSS3/CEMIP/CDH19/VCL/SORL1/VCAM1,26,opp,BP,,
GO:0035295,tube development,17/75,137/1487,0.124087591240876,2.46024330900243,4.13277072358052,0.000261134638828244,0.0151040275098256,0.0144146320633191,COL18A1/TNC/NRP2/CTSH/CDH5/DCHS1/APOD/MMP19/CSPG4/NRP1/ANGPTL6/DCN/AGT/HSPG2/ADGRF5/PLXDC1/LDLR,17,opp,BP,,
GO:0007167,enzyme-linked receptor protein signaling pathway,17/75,141/1487,0.120567375886525,2.39044917257683,3.9982029239193,0.000373728268327565,0.0207850413846792,0.0198363465496938,SVEP1/NRP2/IGF2R/ASPN/TNXB/CDH5/APOD/LTBP4/CSPG4/NRP1/IGF1/DCN/AGT/VASN/SORL1/MUC20/LTBP2,17,opp,BP,,
GO:0071363,cellular response to growth factor stimulus,13/75,92/1487,0.141304347826087,2.80159420289855,4.11042258921776,0.000436670855940885,0.0233861502848341,0.0223187326369786,NRP2/ASPN/TNXB/CDH5/LTBP4/NRP1/CD44/DCN/AGT/VASN/SORL1/VCAM1/LTBP2,13,opp,BP,,
GO:0001568,blood vessel development,14/75,105/1487,0.133333333333333,2.64355555555556,4.02483151369963,0.000475943775234114,0.0245790963924475,0.0234572289222528,COL18A1/NRP2/CTSH/CDH5/APOD/MMP19/CSPG4/NRP1/ANGPTL6/DCN/HSPG2/ADGRF5/PLXDC1/LDLR,14,opp,BP,,
GO:0030199,collagen fibril organization,5/75,15/1487,0.333333333333333,6.60888888888889,5.03026945462018,0.000577080861757631,0.0287744457276391,0.027461089283639,COL18A1/DPT/COL12A1/TNXB/COL14A1,5,opp,BP,,
GO:0001525,angiogenesis,12/75,84/1487,0.142857142857143,2.83238095238095,3.98335730556559,0.000673786475844185,0.030963498745999,0.0295502270190032,COL18A1/NRP2/CTSH/CDH5/APOD/MMP19/CSPG4/NRP1/ANGPTL6/DCN/HSPG2/PLXDC1,12,opp,BP,,
GO:0048646,anatomical structure formation involved in morphogenesis,17/75,148/1487,0.114864864864865,2.27738738738739,3.77299197058101,0.000674241822260397,0.030963498745999,0.0295502270190032,COL18A1/NRP2/CTSH/RELN/COL12A1/CDH5/DCHS1/APOD/MMP19/CSPG4/NRP1/ADGRG6/ANGPTL6/THBS3/DCN/HSPG2/PLXDC1,17,opp,BP,,
GO:0050679,positive regulation of epithelial cell proliferation,6/75,23/1487,0.260869565217391,5.17217391304348,4.6459921425915,0.000685222655513117,0.030963498745999,0.0295502270190032,NRP2/NRP1/IGF1/LAMC1/HSPG2/NME1,6,opp,BP,,
GO:0007189,adenylate cyclase-activating G protein-coupled receptor signaling pathway,5/75,16/1487,0.3125,6.19583333333333,4.81428232134505,0.000806567055579639,0.0333227417819474,0.0318017867628544,ADGRL4/APLP1/ADGRG6/CHGA/ADGRF5,5,opp,BP,,
GO:0035924,cellular response to vascular endothelial growth factor stimulus,5/75,16/1487,0.3125,6.19583333333333,4.81428232134505,0.000806567055579639,0.0333227417819474,0.0318017867628544,NRP2/TNXB/NRP1/DCN/VCAM1,5,opp,BP,,
GO:0048754,branching morphogenesis of an epithelial tube,5/75,16/1487,0.3125,6.19583333333333,4.81428232134505,0.000806567055579639,0.0333227417819474,0.0318017867628544,TNC/CTSH/DCHS1/NRP1/AGT,5,opp,BP,,
GO:0007188,adenylate cyclase-modulating G protein-coupled receptor signaling pathway,6/75,24/1487,0.25,4.95666666666667,4.5023122358417,0.000877363881831464,0.0352407825868971,0.0336322821368728,ADGRL4/AKAP12/APLP1/ADGRG6/CHGA/ADGRF5,6,opp,BP,,
GO:0031012,extracellular matrix,30/76,158/1516,0.189873417721519,3.78747501665556,8.50200798728195,5.44444748854223e-12,6.03802952403934e-10,5.77491222163355e-10,COL18A1/TNC/DPT/PTX3/ASPN/CTSH/MXRA5/RELN/COL12A1/NCAM1/TNXB/SERPINA5/LTBP4/MMP19/CSPG4/APLP1/OMD/ANGPTL6/LAMC1/THBS3/DCN/AGT/MGP/HSPG2/COL14A1/FBLN2/ADAMTS13/VASN/PRG2/LTBP2,30,opp,CC,,
GO:0030312,external encapsulating structure,30/76,159/1516,0.188679245283019,3.76365441906653,8.45910158903827,6.49250486455843e-12,6.03802952403934e-10,5.77491222163355e-10,COL18A1/TNC/DPT/PTX3/ASPN/CTSH/MXRA5/RELN/COL12A1/NCAM1/TNXB/SERPINA5/LTBP4/MMP19/CSPG4/APLP1/OMD/ANGPTL6/LAMC1/THBS3/DCN/AGT/MGP/HSPG2/COL14A1/FBLN2/ADAMTS13/VASN/PRG2/LTBP2,30,opp,CC,,
GO:0062023,collagen-containing extracellular matrix,24/76,140/1516,0.171428571428571,3.41954887218045,6.90114362915028,1.38698828141886e-08,8.59932734479696e-07,8.22459717753643e-07,COL18A1/TNC/DPT/ASPN/CTSH/MXRA5/COL12A1/NCAM1/TNXB/SERPINA5/LTBP4/CSPG4/APLP1/ANGPTL6/LAMC1/THBS3/DCN/AGT/MGP/HSPG2/COL14A1/FBLN2/PRG2/LTBP2,24,opp,CC,,
GO:0009986,cell surface,18/76,136/1516,0.132352941176471,2.64009287925697,4.60394599396212,6.41417040799565e-05,0.00298258923971798,0.00285261789197701,APMAP/IGF2R/COLEC10/SELL/NCAM1/CDH5/PDIA3/SERPINA5/CSPG4/CD44/ADGRG6/ADGRF5/CLSTN1/ADAMTS13/VASN/SORL1/VCAM1/LDLR,18,opp,CC,,
GO:0045177,apical part of cell,8/76,45/1516,0.177777777777778,3.54619883040936,3.98220947491671,0.00131656207201113,0.048976109078814,0.0468418926673434,DCHS1/CSPG4/CD44/FAT1/ADGRF5/VCAM1/MUC20/LDLR,8,opp,CC,,
hsa04974,Protein digestion and absorption,5/40,11/963,0.454545454545455,10.9431818181818,6.90112558128161,3.69723662861427e-05,0.00340145769832513,0.00330805382560224,4225/80781/1303/5646/7373,5,opp,KEGG,Organismal Systems,Digestive system
hsa04512,ECM-receptor interaction,7/40,33/963,0.212121212121212,5.10681818181818,4.99502484707686,0.000239675554549163,0.0110250755092615,0.0107223274403573,3371/5649/7148/960/3915/7059/3339,7,opp,KEGG,Environmental Information Processing,Signaling molecules and interaction
hsa04518,Integrin signaling,8/40,55/963,0.145454545454545,3.50181818181818,3.97567473645258,0.00124721601821556,0.0382479578919438,0.0371976707187097,3371/5649/7148/3479/3915/7059/7414/7412,8,opp,KEGG,,
GO:0045931,positive regulation of mitotic cell cycle,5/51,12/1487,0.416666666666667,12.1486928104575,7.30526264726274,2.57363493414005e-05,0.039839868780488,0.0392276145751031,TMOD3/TGFB1/PRKCA/PHB2/EIF4G1,5,ned,BP,,
GO:0007017,microtubule-based process,12/51,100/1487,0.12,3.49882352941176,4.8743266406316,7.76417951972733e-05,0.0459973556307463,0.0452904739244667,OPA1/TUBA8/VCP/KPNB1/ACTR2/TUBB/FLOT2/SLK/RAC1/DCTN2/RAB27B/TUBA4A,12,ned,BP,,
GO:0048285,organelle fission,8/51,45/1487,0.177777777777778,5.18344226579521,5.3687685201374,8.91421620750898e-05,0.0459973556307463,0.0452904739244667,OPA1/PSMD13/TGFB1/KPNB1/ACTR2/PHB2/DCTN2/MCU,8,ned,BP,,
