ID,Description,GeneRatio,BgRatio,RichFactor,FoldEnrichment,zScore,pvalue,p.adjust,qvalue,geneID,Count,cluster
GO:0030198,extracellular matrix organization,28/231,57/1487,0.491228070175439,3.16214779372674,7.13633716972507,1.18711236433706e-09,7.28491287581506e-07,6.62700270757984e-07,QSOX1/EFEMP2/AGT/LAMB1/CTSG/SERPINF2/LAMC1/NID1/TNXB/LAMA2/PTX3/DPP4/COL18A1/COMP/APLP1/FMOD/DPT/LRP1/GAS6/POSTN/TGFBI/ADAMTS13/ABI3BP/ADAMTSL2/MMP19/COL12A1/ANTXR1/ADAMTS8,28,C1
GO:0043062,extracellular structure organization,28/231,57/1487,0.491228070175439,3.16214779372674,7.13633716972507,1.18711236433706e-09,7.28491287581506e-07,6.62700270757984e-07,QSOX1/EFEMP2/AGT/LAMB1/CTSG/SERPINF2/LAMC1/NID1/TNXB/LAMA2/PTX3/DPP4/COL18A1/COMP/APLP1/FMOD/DPT/LRP1/GAS6/POSTN/TGFBI/ADAMTS13/ABI3BP/ADAMTSL2/MMP19/COL12A1/ANTXR1/ADAMTS8,28,C1
GO:0045229,external encapsulating structure organization,28/231,57/1487,0.491228070175439,3.16214779372674,7.13633716972507,1.18711236433706e-09,7.28491287581506e-07,6.62700270757984e-07,QSOX1/EFEMP2/AGT/LAMB1/CTSG/SERPINF2/LAMC1/NID1/TNXB/LAMA2/PTX3/DPP4/COL18A1/COMP/APLP1/FMOD/DPT/LRP1/GAS6/POSTN/TGFBI/ADAMTS13/ABI3BP/ADAMTSL2/MMP19/COL12A1/ANTXR1/ADAMTS8,28,C1
GO:0034375,high-density lipoprotein particle remodeling,10/231,11/1487,0.909090909090909,5.85202676111767,6.92463563464255,6.58093726783578e-08,3.02887637752142e-05,2.75533452450704e-05,APOM/APOA1/APOE/APOA2/APOC1/APOC3/LCAT/APOA4/CETP/PLTP,10,C1
GO:0043691,reverse cholesterol transport,9/231,10/1487,0.9,5.79350649350649,6.52054125979706,3.98694078174969e-07,0.000105296407717767,9.57869491288869e-05,APOM/APOA1/APOE/APOA2/APOC3/LCAT/APOA4/CLU/CETP,9,C1
GO:0034367,protein-containing complex remodeling,12/231,17/1487,0.705882352941177,4.54392666157372,6.30044310700414,4.57561793450371e-07,0.000105296407717767,9.57869491288869e-05,APOM/AGT/APOA1/APOE/APOA2/APOC1/APOC3/LCAT/APOA4/CETP/PLTP/APOA5,12,C1
GO:0034368,protein-lipid complex remodeling,12/231,17/1487,0.705882352941177,4.54392666157372,6.30044310700414,4.57561793450371e-07,0.000105296407717767,9.57869491288869e-05,APOM/AGT/APOA1/APOE/APOA2/APOC1/APOC3/LCAT/APOA4/CETP/PLTP/APOA5,12,C1
GO:0034369,plasma lipoprotein particle remodeling,12/231,17/1487,0.705882352941177,4.54392666157372,6.30044310700414,4.57561793450371e-07,0.000105296407717767,9.57869491288869e-05,APOM/AGT/APOA1/APOE/APOA2/APOC1/APOC3/LCAT/APOA4/CETP/PLTP/APOA5,12,C1
GO:0006641,triglyceride metabolic process,15/231,26/1487,0.576923076923077,3.71378621378621,5.98491205219331,7.5798847481693e-07,0.000155050753570885,0.000141047913851899,C3/LDLR/APOE/APOA2/APOC1/APOC3/CAT/APOA4/CETP/TNXB/GPLD1/APOBR/APOA5/PCSK9/SORL1,15,C1
GO:0006956,complement activation,20/231,43/1487,0.465116279069768,2.99406020336253,5.68865338024197,1.0490390602084e-06,0.000193128090984366,0.000175686436293849,MASP2/C1R/CFB/C3/IGHG2/IGHG3/IGHG4/IGHM/C1QB/C2/C8A/C8B/C8G/C7/CLU/C6/CFHR1/SVEP1/COLEC11/COLEC10,20,C1
GO:0006958,"complement activation, classical pathway",16/231,31/1487,0.516129032258065,3.32244099986036,5.60228791140563,2.39179504184411e-06,0.000400299515639547,0.000364147934121912,MASP2/C1R/C3/IGHG2/IGHG3/IGHG4/IGHM/C1QB/C2/C8A/C8B/C8G/C7/CLU/C6/SVEP1,16,C1
GO:0071827,plasma lipoprotein particle organization,12/231,19/1487,0.631578947368421,4.06561859193438,5.76570567419022,2.7763695784437e-06,0.000425941366159571,0.00038747403502666,APOM/AGT/APOA1/APOE/APOA2/APOC1/APOC3/LCAT/APOA4/CETP/PLTP/APOA5,12,C1
GO:0042157,lipoprotein metabolic process,13/231,22/1487,0.590909090909091,3.80381739472649,5.68018955340705,3.02193421439565e-06,0.00042795237605403,0.000389303427943601,APOM/LDLR/APOA1/APOE/APOA2/APOC1/APOC3/LCAT/APOD/APOA4/ITGAV/APOA5/PCSK9,13,C1
GO:0048731,system development,95/231,421/1487,0.225653206650831,1.45258146445795,4.70196924267948,3.40608314006511e-06,0.000447899932918562,0.00040744949442433,CHL1/NRP1/PLXNB1/NRP2/ATP6AP2/ATRN/CLSTN1/EFEMP2/AGT/C3/LDLR/APOA1/APOE/RBP4/CAT/IGF1/APOD/S100A9/APOA4/ITGAV/CSF1R/DCN/LAMB1/MGP/SERPINF2/CSF1/SPP1/KIT/CLU/FGFR1/IGF2R/RNH1/NCAM1/NID1/CD44/ACAN/EPB42/VCAM1/OGN/TNXB/PTPRG/PTPRZ1/LAMA2/IGFBP5/TNC/PTX3/CDH5/FBN1/FLT4/COL18A1/MCAM/BTD/THBS3/COMP/APLP1/CTSC/CDH13/MTPN/RAN/RELN/GPLD1/HSPG2/LRP1/PCDH1/EFEMP1/SPP2/ALCAM/GAS6/FAT1/POSTN/RCN1/TGFBI/MAN2A1/SVEP1/MIA3/CSPG4/FAT4/ADAMTSL2/PLXDC1/ADGRF5/PCSK9/ANGPTL6/ST8SIA4/SORL1/NEO1/MMP19/SDF4/CDH23/ANTXR1/PCDH18/CD248/CRTAC1/B3GNT2/DKK3/HEG1,95,C1
GO:0007155,cell adhesion,71/231,289/1487,0.245674740484429,1.58146467143007,4.72133069150773,4.67721502032777e-06,0.000528773720975441,0.000481019463147561,CHL1/NRP1/PLXNB1/SUSD5/NRP2/CLSTN1/EFEMP2/APOA1/IGF1/APOD/S100A9/APOA4/ITGAV/LAMB1/CTSG/SERPINF2/CD63/CSF1/SPP1/KIT/LAMC1/COL6A3/NCAM1/SELL/NID1/CD44/ACAN/VCAM1/TNXB/LAMA2/TNC/DPP4/PDIA3/CDH5/FBN1/COL18A1/MCAM/THBS3/COMP/APLP1/CDH6/CDH13/CDH15/RELN/FBLN2/HSPG2/DPT/PCDH1/MADCAM1/ALCAM/GAS6/SPARCL1/FAT1/POSTN/TGFBI/SVEP1/MIA3/FAT4/ADAMTS13/ABI3BP/SNED1/NEO1/ESAM/SIPA1/COL12A1/OMD/CDH19/CDH23/ANTXR1/PCDH18/THSD1,71,C1
GO:0006639,acylglycerol metabolic process,15/231,29/1487,0.517241379310345,3.32960143304971,5.4315331777205,4.88275570699755e-06,0.000528773720975441,0.000481019463147561,C3/LDLR/APOE/APOA2/APOC1/APOC3/CAT/APOA4/CETP/TNXB/GPLD1/APOBR/APOA5/PCSK9/SORL1,15,C1
GO:0097006,regulation of plasma lipoprotein particle levels,15/231,29/1487,0.517241379310345,3.32960143304971,5.4315331777205,4.88275570699755e-06,0.000528773720975441,0.000481019463147561,APOM/AGT/LDLR/APOA1/APOE/APOA2/APOC1/APOC3/LCAT/APOA4/CETP/PLTP/GPLD1/APOA5/PCSK9,15,C1
GO:0035295,tube development,41/231,137/1487,0.299270072992701,1.92647012355042,4.87916374394154,5.38237074522661e-06,0.000550496918997899,0.000500780810272254,NRP1/NRP2/ATP6AP2/EFEMP2/AGT/C3/LDLR/APOE/RBP4/CAT/APOD/ITGAV/CSF1R/DCN/SERPINF2/CSF1/KIT/FGFR1/RNH1/IGFBP5/TNC/CDH5/FBN1/FLT4/COL18A1/MCAM/COMP/CDH13/GPLD1/HSPG2/LRP1/TGFBI/MAN2A1/MIA3/CSPG4/ADAMTSL2/PLXDC1/ADGRF5/ANGPTL6/MMP19/HEG1,41,C1
GO:0071825,protein-lipid complex organization,12/231,20/1487,0.6,3.86233766233766,5.52511575058372,5.99224022001569e-06,0.000580616539213099,0.000528180287537117,APOM/AGT/APOA1/APOE/APOA2/APOC1/APOC3/LCAT/APOA4/CETP/PLTP/APOA5,12,C1
GO:0006638,neutral lipid metabolic process,15/231,30/1487,0.5,3.21861471861472,5.26299934864211,8.42356515980598e-06,0.000775389172960141,0.00070536274575007,C3/LDLR/APOE/APOA2/APOC1/APOC3/CAT/APOA4/CETP/TNXB/GPLD1/APOBR/APOA5/PCSK9/SORL1,15,C1
GO:0034370,triglyceride-rich lipoprotein particle remodeling,8/231,10/1487,0.8,5.14978354978355,5.64489375204683,1.03203003341536e-05,0.000863621496144397,0.000785626690509012,APOA1/APOE/APOA2/APOC3/LCAT/APOA4/CETP/APOA5,8,C1
GO:0034372,very-low-density lipoprotein particle remodeling,8/231,10/1487,0.8,5.14978354978355,5.64489375204683,1.03203003341536e-05,0.000863621496144397,0.000785626690509012,APOA1/APOE/APOA2/APOC3/LCAT/APOA4/CETP/APOA5,8,C1
GO:0002455,humoral immune response mediated by circulating immunoglobulin,16/231,34/1487,0.470588235294118,3.02928444104915,5.13180507481747,1.12517273465673e-05,0.000900627393262191,0.000819290535853023,MASP2/C1R/C3/IGHG2/IGHG3/IGHG4/IGHM/C1QB/C2/C8A/C8B/C8G/C7/CLU/C6/SVEP1,16,C1
GO:0016064,immunoglobulin mediated immune response,22/231,57/1487,0.385964912280702,2.48454469507101,4.89985537449914,1.34421697982776e-05,0.000996855449891245,0.000906828108737798,IGHV2-26/IGHV3-74/IGHV1-18/IGHV1-24/MASP2/C1R/C3/IGHG2/IGHG3/IGHG4/IGHM/C1QB/C2/C8A/C8B/C8G/C7/CLU/C6/IGLL1/FCER1G/SVEP1,22,C1
GO:0098742,cell-cell adhesion via plasma-membrane adhesion molecules,17/231,38/1487,0.447368421052632,2.87981316928685,5.03260527305649,1.37687666056112e-05,0.000996855449891245,0.000906828108737798,CLSTN1/APOA1/SELL/VCAM1/CDH5/CDH6/CDH13/CDH15/PCDH1/ALCAM/SPARCL1/FAT1/FAT4/ESAM/CDH19/CDH23/PCDH18,17,C1
GO:0030301,cholesterol transport,15/231,31/1487,0.483870967741936,3.11478843736908,5.10137984067867,1.40783496453951e-05,0.000996855449891245,0.000906828108737798,APOM/LDLR/APOA1/APOE/APOA2/APOC1/APOC3/LCAT/APOA4/CLU/CETP/PLTP/LRP1/APOA5/PCSK9,15,C1
GO:0019724,B cell mediated immunity,22/231,58/1487,0.379310344827586,2.44170771756979,4.80170727333675,1.86744203566087e-05,0.00127331881024136,0.00115832369541382,IGHV2-26/IGHV3-74/IGHV1-18/IGHV1-24/MASP2/C1R/C3/IGHG2/IGHG3/IGHG4/IGHM/C1QB/C2/C8A/C8B/C8G/C7/CLU/C6/IGLL1/FCER1G/SVEP1,22,C1
GO:0002250,adaptive immune response,36/231,120/1487,0.3,1.93116883116883,4.56095062943561,2.09960047615128e-05,0.001329205527553,0.001209163208975,IGLV2-18/IGLV3-9/IGKV1-27/IGKV6D-21/IGHV2-26/IGHV3-74/IGKV6-21/IGHV1-18/IGHV1-24/IGKV1-8/MASP2/C1R/C3/IGKV1-17/IGKV1-5/IGLV3-25/IGHG2/IGHG3/IGHG4/IGHM/C1QB/C2/C8A/C8B/C8G/C7/CLU/C6/IGLL1/PDIA3/FCER1G/CTSC/IGLV3-21/ALCAM/SVEP1/SIPA1,36,C1
GO:0015918,sterol transport,15/231,32/1487,0.46875,3.0174512987013,4.94614822555539,2.2860262849421e-05,0.001329205527553,0.001209163208975,APOM/LDLR/APOA1/APOE/APOA2/APOC1/APOC3/LCAT/APOA4/CLU/CETP/PLTP/LRP1/APOA5/PCSK9,15,C1
GO:0032371,regulation of sterol transport,10/231,16/1487,0.625,4.0232683982684,5.21255840814869,2.31040613154242e-05,0.001329205527553,0.001209163208975,APOA1/APOE/APOA2/APOC1/APOC3/APOA4/CETP/PLTP/LRP1/PCSK9,10,C1
GO:0032374,regulation of cholesterol transport,10/231,16/1487,0.625,4.0232683982684,5.21255840814869,2.31040613154242e-05,0.001329205527553,0.001209163208975,APOA1/APOE/APOA2/APOC1/APOC3/APOA4/CETP/PLTP/LRP1/PCSK9,10,C1
GO:1903053,regulation of extracellular matrix organization,10/231,16/1487,0.625,4.0232683982684,5.21255840814869,2.31040613154242e-05,0.001329205527553,0.001209163208975,EFEMP2/AGT/LAMB1/LAMC1/NID1/TNXB/LAMA2/DPP4/LRP1/ANTXR1,10,C1
GO:0090207,regulation of triglyceride metabolic process,8/231,11/1487,0.727272727272727,4.68162140889414,5.25427580193699,3.27833005508039e-05,0.00182891079739485,0.00166373943146185,C3/LDLR/APOE/APOC3/APOA4/GPLD1/APOA5/SORL1,8,C1
GO:0007275,multicellular organism development,101/231,479/1487,0.210855949895616,1.35732812768303,4.07216408597288,4.36184849147522e-05,0.00236181266847232,0.00214851422598671,CHL1/NRP1/PLXNB1/NRP2/ATP6AP2/ATRN/CLSTN1/EFEMP2/AGT/C3/LDLR/APOA1/APOE/RBP4/CAT/IGF1/APOD/S100A9/APOA4/ITGAV/CSF1R/DCN/LAMB1/MGP/SERPINF2/CSF1/SPP1/KIT/CLU/FGFR1/IGF2R/RNH1/NCAM1/C6/NID1/CD44/ACAN/EPB42/VCAM1/OGN/TNXB/PTPRG/PTPRZ1/LAMA2/IGFBP5/TNC/PTX3/CDH5/FBN1/FLT4/COL18A1/MCAM/BTD/THBS3/COMP/APLP1/CTSC/CDH13/MTPN/H4C1/RAN/RELN/GPLD1/HSPG2/LRP1/PCDH1/EFEMP1/SPP2/ALCAM/GAS6/FAT1/POSTN/RCN1/TGFBI/MAN2A1/SVEP1/MIA3/CSPG4/FAT4/CD109/ADAMTSL2/PLXDC1/ADGRF5/PCSK9/ANGPTL6/ST8SIA4/SORL1/NEO1/PGLYRP2/MMP19/COL12A1/SDF4/ASPN/CDH23/ANTXR1/PCDH18/CD248/CRTAC1/B3GNT2/DKK3/HEG1,101,C1
GO:0033344,cholesterol efflux,11/231,20/1487,0.55,3.54047619047619,4.90383269544776,4.65317004289227e-05,0.00244756744256134,0.00222652437240349,APOM/APOA1/APOE/APOA2/APOC1/APOC3/APOA4/CETP/PLTP/LRP1/APOA5,11,C1
GO:0015850,organic hydroxy compound transport,19/231,49/1487,0.387755102040816,2.49606855729305,4.56552439260048,5.03358179386764e-05,0.00257411780069731,0.0023416457994279,APOM/AGT/LDLR/APOA1/APOE/APOA2/APOC1/APOC3/RBP4/LCAT/APOA4/SPP1/CHGA/CLU/CETP/PLTP/LRP1/APOA5/PCSK9,19,C1
GO:0002252,immune effector process,41/231,150/1487,0.273333333333333,1.75950937950938,4.20565498824978,6.33354025787422e-05,0.00315136422020174,0.00286676032724833,IGHV2-26/IGHV3-74/IGHV1-18/IGHV1-24/MASP2/C1R/CFB/C3/IGHG2/IGHG3/IGHG4/IGHM/APOA1/APOA2/CRP/C1QB/RBP4/C2/S100A9/C8A/C8B/C8G/CTSG/DBH/C7/CHGA/KIT/CLU/LAMP1/C6/PRG2/IGLL1/PTX3/FCER1G/CTSC/CFHR1/LRP1/SVEP1/PGLYRP2/COLEC11/COLEC10,41,C1
GO:0042632,cholesterol homeostasis,11/231,21/1487,0.523809523809524,3.3718820861678,4.69306243791683,8.44376156085813e-05,0.00392241622147878,0.00356817759705694,APOM/LDLR/APOA1/APOE/APOA2/APOC3/LCAT/APOA4/CETP/APOA5/PCSK9,11,C1
GO:0055092,sterol homeostasis,11/231,21/1487,0.523809523809524,3.3718820861678,4.69306243791683,8.44376156085813e-05,0.00392241622147878,0.00356817759705694,APOM/LDLR/APOA1/APOE/APOA2/APOC3/LCAT/APOA4/CETP/APOA5/PCSK9,11,C1
GO:0034377,plasma lipoprotein particle assembly,8/231,12/1487,0.666666666666667,4.29148629148629,4.9080303371217,8.52236006839496e-05,0.00392241622147878,0.00356817759705694,APOM/APOA1/APOE/APOA2/APOC1/APOC3/LCAT/APOA4,8,C1
GO:0007166,cell surface receptor signaling pathway,71/231,312/1487,0.227564102564103,1.46488233988234,3.96024438631183,9.14440909615994e-05,0.00410606271854401,0.00373523873478574,NRP1/PLXNB1/SUSD5/NRP2/ATP6AP2/AGT/C3/IGHG2/IGHG3/IGHG4/IGHM/APOA1/APOE/IGF1/APOD/ITGAV/CSF1R/DCN/LAMB1/CTSG/CD14/CD63/DBH/CSF1/KIT/LAMC1/FGFR1/IGF2R/NCAM1/NID1/CD44/TNXB/PTPRG/LAMA2/IGFBP5/PDIA3/FCER1G/CDH5/FBN1/FLT4/COMP/CDH6/CDH13/RELN/GPLD1/HSPG2/FMOD/LRP1/EFEMP1/MADCAM1/GAS6/LTBP2/POSTN/SVEP1/VASN/CSPG4/CD109/ADAMTS13/ADAMTSL2/ADGRF5/MUC20/BPIFB1/SORL1/NEO1/TXNDC15/COLEC11/ASPN/TOLLIP/ADGRL4/DKK3/COLEC10,71,C1
GO:0001944,vasculature development,32/231,109/1487,0.293577981651376,1.88982882560864,4.13728735236145,0.000103354314403917,0.00453036411470502,0.004121220907685,NRP1/NRP2/EFEMP2/C3/LDLR/APOE/APOD/ITGAV/DCN/SERPINF2/KIT/FGFR1/RNH1/CDH5/FLT4/COL18A1/MCAM/COMP/CDH13/GPLD1/HSPG2/LRP1/TGFBI/SVEP1/MIA3/CSPG4/PLXDC1/ADGRF5/ANGPTL6/MMP19/ANTXR1/HEG1,32,C1
GO:0006959,humoral immune response,22/231,65/1487,0.338461538461539,2.17875457875458,4.16630296539552,0.000142930277603416,0.00611941025739279,0.00556675818034359,MASP2/C1R/CFB/C3/IGHG2/IGHG3/IGHG4/IGHM/C1QB/C2/S100A9/C8A/C8B/C8G/CTSG/C7/CLU/C6/CFHR1/SVEP1/COLEC11/COLEC10,22,C1
GO:0009653,anatomical structure morphogenesis,72/231,322/1487,0.22360248447205,1.43938049528112,3.81879479712442,0.000150535298314958,0.00629853373176903,0.0057297047755765,CHL1/NRP1/PLXNB1/NRP2/ATP6AP2/EFEMP2/AGT/C3/LDLR/APOA1/APOE/RBP4/APOD/ITGAV/CSF1R/DCN/LAMB1/MGP/SERPINF2/CSF1/SPP1/KIT/CLU/FGFR1/RNH1/NCAM1/CD44/EPB42/PTPRZ1/LAMA2/IGFBP5/TNC/CDH5/FBN1/FLT4/COL18A1/MCAM/THBS3/COMP/APLP1/CDH6/CDH13/CDH15/MTPN/RELN/GPLD1/HSPG2/LRP1/EFEMP1/ALCAM/FAT1/POSTN/TGFBI/MAN2A1/SVEP1/MIA3/CSPG4/CD109/PLXDC1/ADGRF5/ANGPTL6/NEO1/SIPA1/MMP19/COL12A1/ASPN/CDH19/CDH23/CD248/B3GNT2/DKK3/HEG1,72,C1
GO:0048514,blood vessel morphogenesis,29/231,97/1487,0.298969072164948,1.92453251216138,4.03758083375892,0.000158022918851867,0.00634087257502968,0.00576821994160624,NRP1/NRP2/EFEMP2/C3/LDLR/APOE/APOD/ITGAV/DCN/SERPINF2/FGFR1/RNH1/CDH5/FLT4/COL18A1/MCAM/COMP/CDH13/GPLD1/HSPG2/LRP1/TGFBI/MIA3/CSPG4/PLXDC1/ADGRF5/ANGPTL6/MMP19/HEG1,29,C1
GO:0055090,acylglycerol homeostasis,7/231,10/1487,0.7,4.50606060606061,4.76924624429661,0.000158435708012692,0.00634087257502968,0.00576821994160624,APOA1/APOE/APOC3/APOA4/CETP/APOA5/C1QTNF3,7,C1
GO:0002376,immune system process,84/231,393/1487,0.213740458015267,1.37589636826278,3.72457152706997,0.000187886108537076,0.00735953884716504,0.00669488910823042,IGLV2-18/IGLV3-9/IGKV1-27/IGKV6D-21/IGHV2-26/IGHV3-74/IGKV6-21/IGHV1-18/IGHV1-24/IGKV1-8/MASP2/C1R/HP/CFB/C3/LDLR/IGKV1-17/IGKV1-5/IGLV3-25/IGHG2/IGHG3/IGHG4/IGHM/APOA1/APOE/APOA2/CRP/C1QB/RBP4/IGF1/APOD/C2/S100A9/APOA4/CSF1R/C8A/C8B/C8G/CTSG/CD14/DBH/CSF1/C7/CHGA/KIT/CLU/LAMP1/C6/PRG2/SELL/IGLL1/CD44/EPB42/VCAM1/ORM2/PTX3/DPP4/PSMB8/PDIA3/FCER1G/FBN1/CTSC/H4C1/GPLD1/IGLV3-21/CFHR1/LRP1/MADCAM1/ALCAM/GAS6/SVEP1/MIA3/ADAMTS13/CHST3/PKHD1L1/ADGRF5/BPIFB1/PRG4/SIPA1/PGLYRP2/COLEC11/TOLLIP/CD248/COLEC10,84,C1
GO:0065005,protein-lipid complex assembly,8/231,13/1487,0.615384615384615,3.96137196137196,4.59765595288751,0.000192052491422984,0.00736601326478569,0.006700778812587,APOM/APOA1/APOE/APOA2/APOC1/APOC3/LCAT/APOA4,8,C1
GO:0032368,regulation of lipid transport,13/231,30/1487,0.433333333333333,2.78946608946609,4.24497267788688,0.000224243988749,0.00838567648600443,0.00762835489249724,AGT/APOA1/APOE/APOA2/APOC1/APOC3/APOA4/ITGAV/SPP1/CETP/PLTP/LRP1/PCSK9,13,C1
GO:0035239,tube morphogenesis,33/231,118/1487,0.279661016949153,1.80024213075061,3.88401829320113,0.00022774786762641,0.00838567648600443,0.00762835489249724,NRP1/NRP2/EFEMP2/AGT/C3/LDLR/APOE/APOD/ITGAV/CSF1R/DCN/SERPINF2/CSF1/FGFR1/RNH1/TNC/CDH5/FLT4/COL18A1/MCAM/COMP/CDH13/GPLD1/HSPG2/LRP1/TGFBI/MIA3/CSPG4/PLXDC1/ADGRF5/ANGPTL6/MMP19/HEG1,33,C1
GO:0009887,animal organ morphogenesis,24/231,76/1487,0.315789473684211,2.03280929596719,3.9626343732355,0.000241966953711113,0.00863058676268901,0.00785114699644828,NRP1/NRP2/EFEMP2/AGT/RBP4/CSF1R/DCN/LAMB1/MGP/CSF1/FGFR1/IGFBP5/TNC/FBN1/COL18A1/THBS3/COMP/APLP1/EFEMP1/FAT1/MAN2A1/ASPN/CDH23/HEG1,24,C1
GO:0048513,animal organ development,65/231,287/1487,0.226480836236934,1.45790910599273,3.70211734464064,0.000243775400141134,0.00863058676268901,0.00785114699644828,NRP1/PLXNB1/NRP2/ATRN/EFEMP2/AGT/APOA1/APOA2/RBP4/CAT/IGF1/APOD/CSF1R/IVL/DCN/LAMB1/MGP/CSF1/SPP1/KIT/FGFR1/IGF2R/COL6A3/NCAM1/NID1/CD44/EPB42/VCAM1/OGN/TNXB/LAMA2/IGFBP5/TNC/PTX3/FBN1/FLT4/COL18A1/THBS3/COMP/APLP1/MTPN/RAN/RELN/GPLD1/HSPG2/EFEMP1/GAS6/FAT1/RCN1/TGFBI/MAN2A1/VASN/FAT4/CD109/ADAMTSL2/PCSK9/SORL1/SDF4/ASPN/CDH23/GLIPR2/PCDH18/CD248/DKK3/HEG1,65,C1
GO:0019216,regulation of lipid metabolic process,17/231,46/1487,0.369565217391304,2.3789760963674,4.07309217544145,0.000256183195738716,0.00871894441919146,0.0079315249555068,SERPINA3/C3/LDLR/APOA1/APOE/APOA2/APOC1/APOC3/APOD/APOA4/KIT/GPLD1/APOA5/ADGRF5/GOLM1/SORL1/DKK3,17,C1
GO:1905952,regulation of lipid localization,15/231,38/1487,0.394736842105263,2.54101161995899,4.12557127014333,0.000257836639183809,0.00871894441919146,0.0079315249555068,AGT/C3/APOA1/APOE/APOA2/APOC1/APOC3/CRP/APOA4/ITGAV/SPP1/CETP/PLTP/LRP1/PCSK9,15,C1
GO:0001501,skeletal system development,16/231,42/1487,0.380952380952381,2.45227788084931,4.09318165886704,0.000260479056521201,0.00871894441919146,0.0079315249555068,PLXNB1/RBP4/IGF1/MGP/FGFR1/CD44/ACAN/OGN/FBN1/COL18A1/THBS3/COMP/GPLD1/EFEMP1/SPP2/TGFBI,16,C1
GO:0007156,homophilic cell adhesion via plasma membrane adhesion molecules,12/231,27/1487,0.444444444444444,2.86099086099086,4.18379377620997,0.000296281604064591,0.00966323840453015,0.00879053849544439,CLSTN1/CDH5/CDH6/CDH13/CDH15/PCDH1/FAT1/FAT4/ESAM/CDH19/CDH23/PCDH18,12,C1
GO:0001568,blood vessel development,30/231,105/1487,0.285714285714286,1.83920841063698,3.82411576329217,0.000299187718119619,0.00966323840453015,0.00879053849544439,NRP1/NRP2/EFEMP2/C3/LDLR/APOE/APOD/ITGAV/DCN/SERPINF2/FGFR1/RNH1/CDH5/FLT4/COL18A1/MCAM/COMP/CDH13/GPLD1/HSPG2/LRP1/TGFBI/MIA3/CSPG4/PLXDC1/ADGRF5/ANGPTL6/MMP19/ANTXR1/HEG1,30,C1
GO:0006955,immune response,64/231,285/1487,0.224561403508772,1.44555327713222,3.58666168553528,0.000363928529602709,0.0114180456097,0.0103868667286273,IGLV2-18/IGLV3-9/IGKV1-27/IGKV6D-21/IGHV2-26/IGHV3-74/IGKV6-21/IGHV1-18/IGHV1-24/IGKV1-8/MASP2/C1R/CFB/C3/IGKV1-17/IGKV1-5/IGLV3-25/IGHG2/IGHG3/IGHG4/IGHM/APOA1/APOE/APOA2/CRP/C1QB/C2/S100A9/APOA4/CSF1R/C8A/C8B/C8G/CTSG/CD14/CSF1/C7/CHGA/KIT/CLU/LAMP1/C6/PRG2/IGLL1/PTX3/PDIA3/FCER1G/CTSC/GPLD1/IGLV3-21/CFHR1/LRP1/MADCAM1/ALCAM/SVEP1/ADAMTS13/PKHD1L1/BPIFB1/PRG4/SIPA1/PGLYRP2/COLEC11/TOLLIP/COLEC10,64,C1
GO:0048844,artery morphogenesis,7/231,11/1487,0.636363636363636,4.09641873278237,4.4190958855842,0.000378327421070994,0.0114180456097,0.0103868667286273,NRP1/EFEMP2/LDLR/APOE/COMP/LRP1/ADGRF5,7,C1
GO:0050886,endocrine process,7/231,11/1487,0.636363636363636,4.09641873278237,4.4190958855842,0.000378327421070994,0.0114180456097,0.0103868667286273,ATP6AP2/AGT/CTSG/SERPINF2/SPP1/FGFR1/C1QTNF3,7,C1
GO:0060191,regulation of lipase activity,7/231,11/1487,0.636363636363636,4.09641873278237,4.4190958855842,0.000378327421070994,0.0114180456097,0.0103868667286273,APOA2/APOC1/APOC3/APOA4/FGFR1/LRP1/APOA5,7,C1
GO:0050994,regulation of lipid catabolic process,8/231,14/1487,0.571428571428571,3.67841682127396,4.31679458487225,0.000388497341048596,0.0115358645946849,0.0104940453244196,LDLR/APOA2/APOC1/APOC3/APOA4/GPLD1/APOA5/SORL1,8,C1
GO:0016477,cell migration,57/231,249/1487,0.228915662650602,1.47358264225734,3.51120108805371,0.000501766953326915,0.0146627454138865,0.0133385333791666,CHL1/NRP1/PLXNB1/NRP2/F10/AGT/APOA1/APOE/IGF1/APOD/S100A9/ITGAV/CSF1R/DCN/LAMB1/CTSG/CD63/DBH/CSF1/CHGA/KIT/LAMC1/FGFR1/RNH1/SELL/CD44/VCAM1/TNXB/PTPRG/LAMA2/IGFBP5/TNC/DPP4/FCER1G/CDH5/FLT4/MCAM/CDH6/CDH13/CDH15/RELN/GPLD1/AKAP12/LRP1/MADCAM1/GAS6/FAT1/POSTN/MIA3/CSPG4/CEMIP/SORL1/NEO1/CDH19/CDH23/GLIPR2/CD248,57,C1
GO:0051239,regulation of multicellular organismal process,77/231,364/1487,0.211538461538462,1.36172161172161,3.40451965590417,0.000595388541184502,0.0171267235050105,0.0155799863326405,NRP1/PLXNB1/ATP6AP2/ATRN/CLSTN1/APOM/SERPINC1/AGT/C3/LDLR/APOA1/APOE/APOA2/APOC1/APOC3/CRP/RBP4/LCAT/IGF1/APOD/S100A9/APOA4/PROS1/CSF1R/DCN/CTSG/MGP/CD14/SERPINF2/DBH/CSF1/SPP1/CHGA/KIT/CLU/EPB41/FGFR1/RNH1/PRG2/ACAN/VCAM1/ORM2/TNXB/PTPRG/PTPRZ1/LAMA2/IGFBP5/DPP4/FCER1G/CDH5/FBN1/FLT4/COMP/CTSC/MTPN/H4C1/RELN/GPLD1/HSPG2/AKAP12/LRP1/EFEMP1/GAS6/POSTN/MAN2A1/SVEP1/VASN/APOA5/CD109/ADGRF5/PCSK9/SORL1/PGLYRP2/C1QTNF3/ASPN/GLIPR2/HEG1,77,C1
GO:0034381,plasma lipoprotein particle clearance,9/231,18/1487,0.5,3.21861471861472,4.06001669525756,0.000610200634951413,0.0172827595222393,0.0157219305296793,APOM/LDLR/APOA1/APOE/APOA2/APOC1/APOC3/GPLD1/PCSK9,9,C1
GO:0055088,lipid homeostasis,12/231,29/1487,0.413793103448276,2.66368114643977,3.87892075263969,0.000660267061045517,0.0184174493846181,0.0167541450418408,APOM/LDLR/APOA1/APOE/APOA2/APOC3/LCAT/APOA4/CETP/APOA5/PCSK9/C1QTNF3,12,C1
GO:1902652,secondary alcohol metabolic process,13/231,33/1487,0.393939393939394,2.53587826315099,3.82518228325403,0.000691136149598535,0.0189907709165806,0.017275689143932,LDLR/APOA1/APOE/APOA2/APOC1/CAT/LCAT/APOA4/FGFR1/CETP/APOBR/APOA5/PCSK9,13,C1
GO:0030199,collagen fibril organization,8/231,15/1487,0.533333333333333,3.43318903318903,4.06058073511795,0.000721906793909445,0.0195445648174601,0.0177794691812682,EFEMP2/SERPINF2/TNXB/COL18A1/COMP/FMOD/DPT/COL12A1,8,C1
GO:0010876,lipid localization,25/231,86/1487,0.290697674418605,1.87128762710158,3.56871839733426,0.00074690848324417,0.0199283843138046,0.0181286254285503,APOM/AGT/C3/LDLR/APOA1/APOE/APOA2/APOC1/APOC3/CRP/RBP4/LCAT/APOD/SERPINA5/APOA4/ITGAV/LPA/SPP1/CLU/CETP/PLTP/LRP1/APOBR/APOA5/PCSK9,25,C1
GO:0016339,calcium-dependent cell-cell adhesion via plasma membrane cell adhesion molecules,7/231,12/1487,0.583333333333333,3.75505050505051,4.10813543233214,0.00078867276961286,0.0204499516740461,0.0186030893469838,SELL/CDH5/CDH6/CDH13/CDH15/CDH19/CDH23,7,C1
GO:0051149,positive regulation of muscle cell differentiation,7/231,12/1487,0.583333333333333,3.75505050505051,4.10813543233214,0.00078867276961286,0.0204499516740461,0.0186030893469838,EFEMP2/IGF1/LAMB1/KIT/LAMC1/NID1/LAMA2,7,C1
GO:0070848,response to growth factor,27/231,96/1487,0.28125,1.81047077922078,3.51989726435142,0.000810012147146378,0.0207115605957845,0.0188410720191504,NRP1/NRP2/AGT/CAT/DCN/CD63/FGFR1/CD44/VCAM1/TNXB/TNC/CDH5/FBN1/FLT4/COMP/FMOD/GAS6/LTBP2/POSTN/VASN/CD109/ADAMTSL2/SORL1/NEO1/ASPN/MXRA5/DKK3,27,C1
GO:0007167,enzyme-linked receptor protein signaling pathway,36/231,141/1487,0.25531914893617,1.64354794142028,3.44340817957498,0.000828726222699118,0.0208997941916312,0.0190123059886705,NRP1/NRP2/AGT/IGF1/APOD/CSF1R/DCN/CD63/CSF1/KIT/FGFR1/IGF2R/TNXB/PTPRG/IGFBP5/CDH5/FBN1/FLT4/COMP/CDH13/GPLD1/FMOD/LRP1/EFEMP1/GAS6/LTBP2/SVEP1/VASN/CSPG4/CD109/ADAMTSL2/MUC20/SORL1/NEO1/ASPN/DKK3,36,C1
GO:0008203,cholesterol metabolic process,12/231,30/1487,0.4,2.57489177489178,3.73595934250927,0.000950949109243201,0.0235007731273662,0.0213783870583148,LDLR/APOA1/APOE/APOA2/APOC1/CAT/LCAT/APOA4/CETP/APOBR/APOA5/PCSK9,12,C1
GO:0006952,defense response,59/231,266/1487,0.221804511278196,1.42780652931029,3.30104139126647,0.000957391626590148,0.0235007731273662,0.0213783870583148,MASP2/ATRN/F8/C1R/HP/CFB/SERPINA1/SERPINA3/AGT/C3/LDLR/IGHG2/IGHG3/IGHG4/IGHM/APOA1/APOE/CRP/C1QB/IGF1/APOD/C2/S100A9/APOA4/CSF1R/C8A/C8B/C8G/CTSG/CD14/SERPINF2/CSF1/C7/CHGA/KIT/CLU/LAMP1/C6/PRG2/CD44/VCAM1/ORM2/TNC/PTX3/DPP4/FCER1G/CDH5/SAA4/CTSC/HSPG2/CFHR1/LRP1/ADAMTS13/BPIFB1/PGLYRP2/COLEC11/C1QTNF3/TOLLIP/COLEC10,59,C1
GO:0006869,lipid transport,23/231,78/1487,0.294871794871795,1.8981573981574,3.49353284980138,0.000986710789034586,0.0236340219119647,0.0214996019680013,APOM/AGT/LDLR/APOA1/APOE/APOA2/APOC1/APOC3/RBP4/LCAT/APOD/SERPINA5/APOA4/ITGAV/LPA/SPP1/CLU/CETP/PLTP/LRP1/APOBR/APOA5/PCSK9,23,C1
GO:0002443,leukocyte mediated immunity,28/231,102/1487,0.274509803921569,1.767082590612,3.44142176016492,0.000988495213047953,0.0236340219119647,0.0214996019680013,IGHV2-26/IGHV3-74/IGHV1-18/IGHV1-24/MASP2/C1R/C3/IGHG2/IGHG3/IGHG4/IGHM/C1QB/C2/C8A/C8B/C8G/CTSG/DBH/C7/CHGA/KIT/CLU/LAMP1/C6/IGLL1/FCER1G/CTSC/SVEP1,28,C1
GO:0008202,steroid metabolic process,16/231,47/1487,0.340425531914894,2.19139725522704,3.55831878297293,0.00112423181500275,0.0265347534797444,0.0241383646109228,LDLR/APOA1/APOE/APOA2/APOC1/CAT/LCAT/APOA4/SPP1/KIT/FGFR1/CETP/APOBR/APOA5/PCSK9/DKK3,16,C1
GO:0015914,phospholipid transport,10/231,23/1487,0.434782608695652,2.79879540749106,3.72731180420082,0.00119611193330767,0.0275255258652428,0.0250396590249014,LDLR/APOA1/APOE/APOA2/APOC1/APOC3/APOA4/CETP/PLTP/APOA5,10,C1
GO:0046890,regulation of lipid biosynthetic process,10/231,23/1487,0.434782608695652,2.79879540749106,3.72731180420082,0.00119611193330767,0.0275255258652428,0.0250396590249014,C3/LDLR/APOE/APOC1/APOC3/APOA4/GPLD1/APOA5/ADGRF5/DKK3,10,C1
GO:0045833,negative regulation of lipid metabolic process,8/231,16/1487,0.5,3.21861471861472,3.82521737487196,0.00125234379283506,0.0282423778675138,0.0256917711696815,APOE/APOA2/APOC1/APOC3/APOD/GPLD1/SORL1/DKK3,8,C1
GO:0002449,lymphocyte mediated immunity,24/231,84/1487,0.285714285714286,1.83920841063698,3.39469851363313,0.00125794404407177,0.0282423778675138,0.0256917711696815,IGHV2-26/IGHV3-74/IGHV1-18/IGHV1-24/MASP2/C1R/C3/IGHG2/IGHG3/IGHG4/IGHM/C1QB/C2/C8A/C8B/C8G/C7/CLU/LAMP1/C6/IGLL1/FCER1G/CTSC/SVEP1,24,C1
GO:0048584,positive regulation of response to stimulus,68/231,320/1487,0.2125,1.36791125541126,3.18495433840264,0.00127698321898156,0.0283244109174103,0.0257663957057662,MASP2/NRP1/PLXNB1/ATP6AP2/C1R/F10/CFB/AGT/C3/LDLR/IGHG2/IGHG3/IGHG4/IGHM/APOA1/APOE/C1QB/CAT/IGF1/C2/S100A9/ITGAV/PROS1/CSF1R/C8A/C8B/C8G/DCN/LAMB1/CTSG/CD14/SERPINF2/CD63/CSF1/C7/CHGA/KIT/CLU/LAMC1/LAMP1/FGFR1/C6/NID1/CD44/TNXB/LAMA2/IGFBP5/PDIA3/FCER1G/CDH5/FBN1/FLT4/CTSC/CDH13/RELN/GPLD1/AKAP12/CFHR1/GAS6/SVEP1/CSPG4/BPIFB1/SORL1/NEO1/TXNDC15/COLEC11/GLIPR2/COLEC10,68,C1
GO:0016125,sterol metabolic process,12/231,31/1487,0.387096774193548,2.49183074989527,3.59865562849777,0.00134093326089084,0.0293887873011909,0.0267346468430743,LDLR/APOA1/APOE/APOA2/APOC1/CAT/LCAT/APOA4/CETP/APOBR/APOA5/PCSK9,12,C1
GO:0060840,artery development,7/231,13/1487,0.538461538461538,3.46620046620047,3.82888114101933,0.00148472976083438,0.031418247008001,0.0285808233452813,NRP1/EFEMP2/LDLR/APOE/COMP/LRP1/ADGRF5,7,C1
GO:0090596,sensory organ morphogenesis,7/231,13/1487,0.538461538461538,3.46620046620047,3.82888114101933,0.00148472976083438,0.031418247008001,0.0285808233452813,RBP4/FGFR1/FBN1/EFEMP1/FAT1/MAN2A1/CDH23,7,C1
GO:1905953,negative regulation of lipid localization,7/231,13/1487,0.538461538461538,3.46620046620047,3.82888114101933,0.00148472976083438,0.031418247008001,0.0285808233452813,APOE/APOA2/APOC1/APOC3/CRP/ITGAV/PCSK9,7,C1
GO:0006066,alcohol metabolic process,18/231,57/1487,0.315789473684211,2.03280929596719,3.40886751101518,0.00150560041327582,0.0314978450095544,0.0286532327454765,LDLR/APOA1/APOE/APOA2/APOC1/RBP4/CAT/LCAT/IGF1/APOA4/DBH/FGFR1/CETP/TPI1/APOBR/APOA5/PCSK9/DKK3,18,C1
GO:0048870,cell motility,58/231,265/1487,0.218867924528302,1.4089030466389,3.14795311446256,0.00153957451649291,0.0318467043243085,0.0289705861116526,CHL1/NRP1/PLXNB1/NRP2/F10/AGT/APOA1/APOE/IGF1/APOD/S100A9/ITGAV/CSF1R/DCN/LAMB1/CTSG/CD63/DBH/CSF1/CHGA/KIT/LAMC1/FGFR1/RNH1/SELL/CD44/VCAM1/TNXB/PTPRG/LAMA2/IGFBP5/TNC/DPP4/FCER1G/CDH5/FLT4/MCAM/PLTP/CDH6/CDH13/CDH15/RELN/GPLD1/AKAP12/LRP1/MADCAM1/GAS6/FAT1/POSTN/MIA3/CSPG4/CEMIP/SORL1/NEO1/CDH19/CDH23/GLIPR2/CD248,58,C1
GO:0051216,cartilage development,9/231,20/1487,0.45,2.89675324675325,3.66126658517583,0.00158201015204794,0.0323608965546695,0.0294383409579915,MGP/FGFR1/CD44/OGN/THBS3/COMP/GPLD1/EFEMP1/TGFBI,9,C1
GO:0006954,inflammatory response,33/231,131/1487,0.251908396946565,1.62159214830971,3.19397783536307,0.00179649906027324,0.0363445579116817,0.0330622325609569,ATRN/F8/HP/SERPINA1/SERPINA3/AGT/C3/LDLR/APOA1/APOE/CRP/IGF1/APOD/S100A9/CSF1R/CD14/SERPINF2/CSF1/KIT/CLU/CD44/VCAM1/ORM2/TNC/PTX3/CDH5/SAA4/CTSC/HSPG2/LRP1/PGLYRP2/C1QTNF3/TOLLIP,33,C1
GO:0046470,phosphatidylcholine metabolic process,8/231,17/1487,0.470588235294118,3.02928444104915,3.60769067469397,0.00205238654489689,0.0401962088207997,0.0365660357551059,LDLR/APOA1/APOA2/APOC1/LCAT/APOA4/CETP/GPLD1,8,C1
GO:0046503,glycerolipid catabolic process,8/231,17/1487,0.470588235294118,3.02928444104915,3.60769067469397,0.00205238654489689,0.0401962088207997,0.0365660357551059,LDLR/APOA2/APOC1/APOC3/APOA4/GPLD1/APOA5/SORL1,8,C1
GO:0090101,negative regulation of transmembrane receptor protein serine/threonine kinase signaling pathway,8/231,17/1487,0.470588235294118,3.02928444104915,3.60769067469397,0.00205238654489689,0.0401962088207997,0.0365660357551059,FBN1/LRP1/VASN/CD109/ADAMTSL2/SORL1/ASPN/DKK3,8,C1
GO:0002460,adaptive immune response based on somatic recombination of immune receptors built from immunoglobulin superfamily domains,23/231,82/1487,0.280487804878049,1.80556435434484,3.21728533797883,0.00209455348762076,0.0405902417969455,0.036924483089248,IGHV2-26/IGHV3-74/IGHV1-18/IGHV1-24/MASP2/C1R/C3/IGHG2/IGHG3/IGHG4/IGHM/C1QB/C2/C8A/C8B/C8G/C7/CLU/C6/IGLL1/FCER1G/CTSC/SVEP1,23,C1
GO:0072359,circulatory system development,36/231,148/1487,0.243243243243243,1.56581256581257,3.10980911654517,0.00216881955999489,0.0415679644849031,0.0378139063412224,NRP1/NRP2/EFEMP2/C3/LDLR/APOE/RBP4/IGF1/APOD/ITGAV/DCN/SERPINF2/KIT/FGFR1/RNH1/VCAM1/CDH5/FBN1/FLT4/COL18A1/MCAM/COMP/CDH13/GPLD1/HSPG2/LRP1/TGFBI/SVEP1/MIA3/CSPG4/PLXDC1/ADGRF5/ANGPTL6/MMP19/ANTXR1/HEG1,36,C1
GO:0071363,cellular response to growth factor stimulus,25/231,92/1487,0.271739130434783,1.74924712968191,3.18091799265375,0.00219016434276785,0.0415679644849031,0.0378139063412224,NRP1/NRP2/AGT/CAT/DCN/CD63/FGFR1/CD44/VCAM1/TNXB/CDH5/FBN1/FLT4/COMP/FMOD/GAS6/LTBP2/POSTN/VASN/CD109/ADAMTSL2/SORL1/NEO1/ASPN/DKK3,25,C1
GO:0090287,regulation of cellular response to growth factor stimulus,14/231,41/1487,0.341463414634146,2.19807834441981,3.33513620610157,0.00223003008742214,0.0418927080708587,0.0381093219021334,NRP1/AGT/DCN/CD63/TNXB/CDH5/FBN1/VASN/CD109/ADAMTSL2/SORL1/NEO1/ASPN/DKK3,14,C1
GO:0031099,regeneration,13/231,37/1487,0.351351351351351,2.26172926172926,3.33198939986513,0.00239218826044037,0.0433030294633506,0.0393922752944285,APOA2/IGF1/APOD/APOA4/SPP1/IGF2R/TNC/MTPN/HSPG2/GAS6/POSTN/APOA5/NEO1,13,C1
GO:0030323,respiratory tube development,9/231,21/1487,0.428571428571429,2.75881261595547,3.48002856946866,0.00239919011692654,0.0433030294633506,0.0393922752944285,RBP4/FGFR1/IGFBP5/TNC/FBN1/FLT4/MAN2A1/ADAMTSL2/HEG1,9,C1
GO:0030324,lung development,9/231,21/1487,0.428571428571429,2.75881261595547,3.48002856946866,0.00239919011692654,0.0433030294633506,0.0393922752944285,RBP4/FGFR1/IGFBP5/TNC/FBN1/FLT4/MAN2A1/ADAMTSL2/HEG1,9,C1
GO:0060541,respiratory system development,9/231,21/1487,0.428571428571429,2.75881261595547,3.48002856946866,0.00239919011692654,0.0433030294633506,0.0393922752944285,RBP4/FGFR1/IGFBP5/TNC/FBN1/FLT4/MAN2A1/ADAMTSL2/HEG1,9,C1
GO:0010647,positive regulation of cell communication,48/231,214/1487,0.224299065420561,1.44386454666829,3.00859491598207,0.00251503633802901,0.0449532223137029,0.0408934370342785,NRP1/PLXNB1/ATP6AP2/CLSTN1/F10/AGT/C3/APOA1/APOE/RBP4/CAT/IGF1/S100A9/ITGAV/PROS1/CSF1R/DCN/LAMB1/CD14/SERPINF2/CD63/CSF1/SPP1/CHGA/KIT/CLU/LAMC1/FGFR1/NID1/CD44/TNXB/LAMA2/IGFBP5/PDIA3/CDH5/FLT4/CTSC/CDH13/RELN/GPLD1/AKAP12/GAS6/CSPG4/SORL1/NEO1/TXNDC15/C1QTNF3/GLIPR2,48,C1
GO:0071402,cellular response to lipoprotein particle stimulus,7/231,14/1487,0.5,3.21861471861472,3.5757332194018,0.00258096218062016,0.0453534079580868,0.0412574813810092,LDLR/APOA1/APOE/APOA2/FCER1G/CDH13/MIA3,7,C1
GO:0061448,connective tissue development,11/231,29/1487,0.379310344827586,2.44170771756979,3.36138327761275,0.00258669627137377,0.0453534079580868,0.0412574813810092,MGP/CSF1/FGFR1/CD44/OGN/THBS3/COMP/GPLD1/EFEMP1/TGFBI/SORL1,11,C1
GO:0003008,system process,47/231,209/1487,0.22488038277512,1.44760661985542,2.99243545685111,0.00265641613457167,0.0461364349410042,0.0419697921559437,CHL1/ATP6AP2/SERPINA3/AGT/LDLR/APOA1/APOE/APOA2/CRP/RBP4/IGF1/APOA4/SOD3/CTSG/LPA/SERPINF2/DBH/SPP1/CHGA/KIT/EPB41/FGFR1/PTPRZ1/IGFBP5/CDH5/FLT4/COL18A1/MCAM/COMP/CTSC/MTPN/RELN/AKAP12/LRP1/EFEMP1/GAS6/POSTN/PON3/TGFBI/SVEP1/PKHD1L1/ADGRF5/CEMIP/C1QTNF3/CDH23/B3GNT2/HEG1,47,C1
GO:0046486,glycerolipid metabolic process,18/231,60/1487,0.3,1.93116883116883,3.1565497900283,0.00288073471203568,0.0495647906996045,0.0450885285474547,C3/LDLR/APOA1/APOE/APOA2/APOC1/APOC3/CAT/LCAT/APOA4/CETP/TNXB/PI4KA/GPLD1/APOBR/APOA5/PCSK9/SORL1,18,C1
