Genes,p_VO2_marg,p_M_marg,p_VO2_adj,p_M_adj
ACTR2,0.000198698965905197,0.0429060441652908,0.00220713434960634,0.775340970433422
INF2,0.148950391482124,0.307576735436832,0.00257731104179582,0.0044753792800902
ASAP1,0.175403743491625,0.23756258589096,0.00287262050644793,0.00363316202249903
FN1,0.0328925839518162,0.960035262047311,0.00337399377419183,0.0395990168066556
AHCY,0.0276542700983241,0.876677637827881,0.0035541736937133,0.0474527158443445
RABL6,0.004924145748951,0.416731196598883,0.00480174274430297,0.266557143248907
CDC42BPB,0.25928700606501,0.189853039686809,0.0056657908255759,0.00448593249547558
FLNA,0.110687624619459,0.548767332108401,0.00609352487407268,0.019837640703616
CD14,0.112306219582288,0.5487673321084,0.00630313367016729,0.0202850953770021
PLXNB2,0.249054315348283,0.39581598129407,0.00902778692094397,0.0125524034517138
PRG4,0.0178006059326084,0.487649305451151,0.0126318712556401,0.254207062188466
SND1,0.00564138814144614,0.200163382932088,0.0129674270367603,0.490421743657172
LTBP4,0.00166962384430208,0.0618137932661329,0.0145210343265055,0.914132484130214
MMRN1,0.0904902259605838,0.867320054933344,0.0157944505195634,0.077941103342877
PECAM1,0.173765617876451,0.535373594126569,0.0160100957600284,0.036057463830173
SCAMP2,0.40526027968678,0.189014906324605,0.0174413906503339,0.0099929468530281
CAPZA1,0.0184809236948101,0.40491319953926,0.0189574317353755,0.356373405942833
GNAI2,0.0215299155546322,0.43420970987472,0.0204931289899071,0.345053817696594
CLIC1,0.309430350387783,0.322398811766537,0.0216611545868412,0.0223895597188412
APLP1,0.0618006767917264,0.890472725689193,0.0223136795672225,0.165887977165844
AGT,0.157095500608555,0.680763888461994,0.0233735399868819,0.0658387215813179
EIF4A1,0.134700844122567,0.758543638593124,0.0263710442817849,0.089553767466134
POSTN,0.0351563417391059,0.533156684961965,0.0272229777797328,0.318200358710077
GAPDH,0.123691398923234,0.862062643401831,0.0276440583762213,0.106256053268475
HSP90B1,0.00247014410190175,0.0381993606932246,0.0300873203688768,0.762996534867135
HPR,0.0164117483753239,0.259870048021796,0.032109240088459,0.590706914271276
CETP,0.239285840176711,0.535373594126568,0.0324681044832973,0.0573567232503366
LPA,0.094718390225832,0.928127745882525,0.033812160131538,0.175211348333429
MEP1B,0.0156713259392897,0.2564312774108,0.03788832222539,0.825353261559097
APPL1,0.000427586480512295,0.00409353872780515,0.039247776933166,0.437209848355541
ITM2B,0.00255291137828211,0.0251943772063171,0.0397318384996592,0.454597882520737
IGHV1-18,0.454672547404863,0.252197775700662,0.0402134247858103,0.0265401676604604
ATP2A3,0.266554502465467,0.537594924073516,0.0413480944832245,0.0675957740576567
ADGRL4,0.0357189048462178,0.555118338354303,0.0423189648402808,0.590410045892233
IQGAP2,0.0818182933193185,0.75587544172499,0.044718419532546,0.269114634365398
XPNPEP1,0.34359821053617,0.507904102469207,0.0467089918805968,0.0607336120528062
NNT,0.283993346956182,0.542050783421674,0.0481247955924144,0.0754893744100725
SERPINF2,0.0448756984746277,0.460516189469515,0.0486429484891821,0.45713925197391
TUBA8,0.0650258488419159,0.610912303911759,0.0493509774425739,0.35667619501117
HADHA,0.29495396235072,0.528736191155591,0.0497374296990705,0.0746917472982458
C8B,0.0799098381313484,0.700534529769444,0.0507099871153356,0.312067900618426
VPS11,0.0533881698887138,0.652639089434789,0.0575180502416767,0.571146148456394
PLTP,0.145975186021183,0.981343963956892,0.0588898401638161,0.213943798240199
DYNC1H1,0.103637573230371,0.856360276947823,0.0600547776446762,0.307533832042374
KPNB1,0.0370208582047412,0.332522587336092,0.0609494318291336,0.623827684622863
SLC4A2,0.0109573089138923,0.097394884728615,0.0610625304013728,0.912005009455001
HSPA9,0.893086736393642,0.0665682564850402,0.0618688555691655,0.00957861294346285
ARFGEF1,0.0361640751808266,0.312017144683748,0.0636299493295154,0.636144637334535
CMTM6,0.393038572252627,0.483656536311333,0.0645928724606403,0.0743479474761018
APOC1,0.373452953820066,0.470855553435909,0.0674094164750685,0.0792369561983673
RTN3,0.327709264504066,0.555522803645244,0.0680898539927305,0.097787564050868
PTGS1,0.354648398515351,0.479398832208635,0.0701246948558046,0.086648250220859
IDH2,0.213283630864391,0.854187513629102,0.0715422873439539,0.180176315874061
EMD,0.494254884407832,0.334228695306478,0.0754296122924438,0.0577598216750474
ORM2,0.17826100867723,1,0.0776285300703143,0.240360973088042
AGPS,0.00978112569333263,0.0574116154748967,0.078862075315829,0.613175988643519
COL6A3,0.234471480820034,0.833256795926601,0.0799423341170609,0.185279474233273
ITGA2B,0.0512501195103032,0.362254125394369,0.0804827991925307,0.649736454696951
TUBB,0.0904902259605838,0.592190512423855,0.0817539798351449,0.454866775941581
BPIFB1,0.402945232136355,0.3913479130141,0.0821102175952566,0.0806803491612279
RAB5C,0.0563594914504335,0.389761315056113,0.0821268928169597,0.624837139380127
CCT5,0.703587171157107,0.182077761317634,0.0871558811497872,0.0341206099149603
STOML2,0.154519598654514,0.940028445463537,0.0877363108110787,0.320279585093575
ACTR1B,0.377539701396916,0.519547625898551,0.0907342005187243,0.113100218384332
SUSD5,0.0593088868954815,0.367660640877496,0.0939787993337343,0.678840947392625
BTD,0.575982173147075,0.299531136679224,0.0947728744663804,0.0607551344290816
MADD,0.241459357787944,0.95583886490317,0.0950347279016618,0.222549133382002
MYH9,0.245570952261745,0.869950876415986,0.0950726745728237,0.217495901345662
ANTXR1,0.183904361194914,0.988644224185362,0.0972406408673487,0.301759039917389
PLEC,0.503948900360996,0.566861261673279,0.0993042498114143,0.106766521625751
TXNDC15,0.191039080084337,0.930783176960286,0.102515095675327,0.30870513576545
PTPRZ1,0.359359001802006,0.545466071342344,0.103810212701332,0.13875663649749
MYO5A,0.0905047964486124,0.514740141151823,0.105264843649133,0.591332033457759
IGKV1-33;IGKV1D-33,0.888842066187183,0.0996220995850002,0.107941035084207,0.0232567495723965
IGKV6-21,0.0537574129467138,0.294768598233365,0.108266040903622,0.802315183793696
QSOX1,0.259192418922723,0.888403563099957,0.108947733516784,0.24194183791905
PLXNA4,0.0317356573280912,0.163981523106155,0.109437945542728,0.954984027759913
MAGED2,0.65016836477109,0.399457683148108,0.110284090448159,0.0819853146790131
TBXAS1,0.358108523995037,0.668511668744246,0.112745898925215,0.170226562880228
IGKV1-17,0.113531576230428,0.582924855347584,0.113102796169269,0.527620028742231
IGKV1-8,0.616307609541151,0.380464254099237,0.116437731395563,0.0858151750982473
QSOX2,0.142534604094513,0.678049042969517,0.116554024440849,0.437080922215456
UNC13D,0.163942178536488,0.760970997850125,0.12120784710956,0.425649292979768
PTPRG,0.401441641253394,0.617996890353082,0.122963929461481,0.163518410757321
PSMD11,0.587556439581646,0.32683682678046,0.124661710478846,0.0837963191741548
ACO2,0.87963978500162,0.0602129404256075,0.125357581556469,0.0167588345060705
GRB2,0.401258090407142,0.594198904897381,0.125866449439726,0.163818933017652
PSMD2,0.0475678886569689,0.22276727827734,0.126437687515931,0.989870763796053
CASS4,0.125889012109365,0.589868062023155,0.127175602518325,0.548569330900311
VCP,0.417810240955367,0.601520061759693,0.127276840112878,0.161946174743867
H4C1,0.0378700150610783,0.169527555314303,0.12768936119219,0.934490854475023
PTPRC,0.0514220487582877,0.240598950923585,0.127906832813024,0.96219620310983
SHBG,0.0912730247679876,0.410548295377995,0.128007673323225,0.628660275517019
FAT4,0.418784407821897,0.603862292317615,0.128652190663069,0.163826130498282
RAB27B,0.139675386823738,0.639452775774101,0.129291026282024,0.516514710168669
CTSH,0.373363678903755,0.585424444638834,0.129678678965426,0.175659095910529
DMKN,0.0685985198847054,0.314110393570189,0.132981268301444,0.828864466344054
CLU,0.134964393031426,0.599181749639429,0.136104198609884,0.557215511806307
PSMC5,0.15185295186321,0.681281620543494,0.136796984605136,0.521241666389539
CPN2,0.168258618719748,0.703019845334904,0.143383649781136,0.496741567342124
IGLL1,0.834352183190364,0.182077761317634,0.143999444140414,0.0514427804978239
KALRN,0.333537050867684,0.79810875574761,0.145769819756789,0.257035994968768
TUBB1,0.0998364834202746,0.424316941345838,0.146588766434663,0.727726063806157
CNDP1,0.759948998816808,0.237270266184272,0.147087458967419,0.0674257419798398
ME2,0.30868741598902,0.872840545887884,0.150347838955889,0.293624482522007
CNST,0.252108791962541,0.975055581703319,0.150802074673686,0.367634701231429
GRAP2,0.619677861628194,0.347665186243835,0.151750886219096,0.103126669369254
MICALL2,0.678370722938471,0.475415375940813,0.152009884866533,0.124030232203873
SPTBN1,0.244164990309494,0.914862603441187,0.154283211973614,0.389134011567729
GOLIM4,0.052675157802434,0.197742208989992,0.155340877515615,0.911357137842302
APOC3,0.330251600825051,0.867320054933344,0.155905192744932,0.287222542678611
ABLIM3,0.310605185726452,0.886904196368282,0.156081799883556,0.304795400159697
PDIA3,0.150957770201825,0.59684737486366,0.1581911005227,0.595065370285436
DKK3,0.516373066329623,0.603309347236642,0.160799070684536,0.177226299840366
ITGB3,0.439528760933897,0.656343102429612,0.160891801057015,0.208479857479616
DOCK5,0.0967722572079142,0.376752094925492,0.160953211726413,0.763703945166013
ATP6AP2,0.216226384604663,0.777687718529234,0.160990988588222,0.44405487945293
CDH5,0.337950034348323,0.867320054933344,0.16200956950143,0.293624869520234
CDH13,0.146468074091712,0.562316751954838,0.164976287036357,0.632973731078204
KIT,0.170501907514474,0.66778809500037,0.164980096398182,0.579060320723665
CCT2,0.190444938355446,0.715491430342142,0.165086933331053,0.520867329069925
C6,0.0990929627242735,0.376777234677105,0.166095889886394,0.812340160332938
DPY19L1,0.250946303749029,0.866179629366561,0.167475522007001,0.4063013201245
TOR1AIP2,0.571143127676948,0.438714389612174,0.167854786269363,0.141256529991041
TSG101,0.407288659535639,0.820705175048451,0.171042145235999,0.259575044646471
TTC27,0.0576553200050337,0.195087583866486,0.171867547015139,0.879781190210432
HSD17B4,0.179397392735771,0.656343102429611,0.173236112171766,0.573387378069004
LTBP1,0.149450438831305,0.5465241360305,0.175561163097138,0.662238490771046
DUSP3,0.455418686515495,0.731838033286396,0.177160513772017,0.236112734185068
AIFM1,0.497810618175783,0.667261987347762,0.178458624921508,0.213067111501552
PCDH18,0.288658721101436,0.962697658732127,0.179977239752231,0.395516933382433
EGF,0.0767222961841349,0.257458355455517,0.18201485376012,0.917252765333366
THBS1,0.552195034495534,0.530944212153597,0.184717282574013,0.180452326195435
OXCT1,0.195275913040516,0.704752624372068,0.185813494020513,0.578135063326742
SKIC3,0.119767832045291,0.45304066531114,0.186065055198163,0.993586665888605
CHGA,0.339675324506187,0.930783176960286,0.18627345117116,0.347864689887127
S100A9,0.0292258998512218,0.0699040134174225,0.186955786968278,0.548219989325264
C1QTNF3,0.384509829526053,0.833256795926601,0.187209598959959,0.303734550027706
ADGRF5,0.312705943238409,1,0.188816262409483,0.386208119772
NDUFA12,0.175603638141344,0.618661921909265,0.194505195713009,0.650742973010006
NSDHL,0.493511906331593,0.732977235409311,0.196001419883428,0.247713615500088
CPN1,0.412958188668724,0.807252721405815,0.200256424329883,0.304229714913512
RNF11,0.104310508335608,0.337406723110999,0.200535671009618,0.908440781255523
STXBP2,0.0166821517760983,0.026778662950557,0.202252965961492,0.342356072861283
ATP5F1B,0.272540135121161,0.859436107921478,0.20275267948651,0.479601419753179
FBLN2,0.361527006057117,0.904825456376501,0.205752193856165,0.365409558114366
THSD1,0.256431874445559,0.810404753550169,0.207296772176771,0.513757394510063
NSFL1C,0.0952955047375353,0.287069408549993,0.208194713242118,0.923151247542494
TNXB,0.259922633904265,0.807252721405815,0.209873847774859,0.519970885799075
H2AC11;H2AC12;H2AC14;H2AC25;H2AC4;H2AC6;H2AC7;H2AJ,0.0905047964486124,0.267456234363811,0.210196455785388,0.971655665893313
COL18A1,0.469374410522952,0.771217903306402,0.210434895668035,0.282888360759548
FCGBP,0.251247853410613,0.781450322440744,0.210567210854688,0.537294915855079
CLTC,0.136365453968588,0.424316941345838,0.211046903003101,0.828617471872254
GP1BB,0.184573471988083,0.576018247368142,0.213736314869188,0.691381644210621
IGLV1-47,0.123349080628092,0.385324443650666,0.215864133191321,0.94604530842092
SYTL4,0.635550096789415,0.479214141477625,0.216310119308775,0.181003410912432
DBH,0.0726350581721829,0.197712110249366,0.21709325411671,0.848540987639934
TMOD3,0.32182352789892,0.936096217190601,0.2230293900952,0.457816206618808
SEPTIN7,0.599047961295795,0.542050783421674,0.223470749873154,0.210134477106891
CLSTN1,0.464927185787324,0.763522504992237,0.224660239962192,0.305660426041655
EEF1B2,0.298133606197775,0.869950876415986,0.225945023471989,0.499758934984472
RTCB,0.955217693234684,0.312678606386675,0.226081774761039,0.120769252362228
IARS2,0.10769399486289,0.302354844404821,0.229155572798169,0.951188954653349
HEG1,0.533276097692311,0.653919666215622,0.229244740455656,0.260700914637748
GPLD1,0.151968660761294,0.4402058006922,0.23001813917578,0.837818636994427
TOMM70,0.71295179903097,0.109621579442724,0.232594394847587,0.0532113326283851
VASN,0.836946667234793,0.290054684876189,0.233259536184328,0.117808831661251
CHL1,0.327709264504066,0.925473078279724,0.233628705336475,0.475174532357492
UQCRC2,0.823991371067447,0.304342294020606,0.235500681668462,0.12413572535825
HSP90AB1,0.11601180253038,0.314110393570189,0.236570450743793,0.992025814268806
NEO1,0.513584955679577,0.703019845334904,0.236979474765529,0.288160603385532
CTSC,0.238022291232311,0.600816567634792,0.237388860751675,0.562026398131577
LY6G6F,0.549953376769912,0.646670296044988,0.238988976039349,0.264674136587838
RPIA,0.534576039061026,0.71261801474788,0.239723858480258,0.284856392492362
EML3,0.614836265126154,0.686711997331862,0.24057575022837,0.255944264662718
TC2N,0.849943483054771,0.106914266697354,0.246336510815917,0.0511668156970374
PSMB5,0.162875381954392,0.444228210823164,0.246773456684438,0.855206795974015
PTX3,0.131647184237691,0.347665186243835,0.247954709532024,0.99193457065142
CD109,0.584010478910111,0.613270016972004,0.249227590145115,0.257269799952531
IVL,0.564598588746898,0.646670296044988,0.250875153075256,0.273215473176706
APMAP,0.271035724969525,0.740650224396408,0.252240893049961,0.613393070817365
GYS1,0.155768110126037,0.426557175191658,0.254469981129504,0.972104231653864
DPYSL2,0.0694440127248471,0.148103056930607,0.255332366752783,0.709367987663353
APOA4,0.0932928697525118,0.213472168699896,0.260343780795792,0.828857856000307
VPS13A,0.576155507754533,0.709508753221184,0.26073766723398,0.294595180041646
UBASH3A,0.103877869246675,0.198090997164871,0.260913842262183,0.568649022950071
CNPY2,0.641983308670595,0.633188717150989,0.262413323357935,0.260599147186064
PSMA4,0.95339324822314,0.151485086538516,0.263061747523249,0.0730340265740813
CSPG4,0.510337919896727,0.763522504992237,0.2637543030125,0.337396034850196
PRKCA,0.103233921167755,0.238642685337137,0.264168515113972,0.865601307395278
B3GNT2,0.302943081906613,0.796906099424203,0.264283778320286,0.588070539247706
ACADVL,0.329781703001115,0.875740866239221,0.266491273504077,0.553750562644909
CHGB,0.282362913992899,0.84620166691027,0.266598116593985,0.671094639971848
PCDH1,0.873716777899594,0.294457183444349,0.26766382972338,0.133704324797751
ECPAS,0.110709348914855,0.262201261553907,0.267753153911698,0.904777360453474
HMGCL,0.283733858720034,0.702509719734306,0.269520536693455,0.607278916852503
IGHV3-74,0.252615401468574,0.675800939176157,0.270274033526427,0.712479244065048
IGKV1-5,0.595563221968745,0.63705411076692,0.271506869906727,0.283335244167009
APOA1,0.205682908760077,0.522138991762803,0.273160774314135,0.811875139664022
APOE,0.104385291693192,0.230487900727311,0.274455664133784,0.840814587610756
DNM1L,0.116429016368133,0.259870048021795,0.278848401137457,0.881135668224135
MADCAM1,0.349258595122668,0.875216614079564,0.280169935495189,0.553497568326897
CLEC11A,0.957758622592157,0.224217919767785,0.281940438759163,0.10951810334545
ADAMTS13,0.395751760342392,0.973350931712832,0.283111816074558,0.496375986448077
CRTAC1,0.325178850424168,0.812438240184526,0.283156749447486,0.597445049624277
COLEC10,0.078656465760924,0.150080576267798,0.284289381224843,0.682912845654898
PON3,0.067760964121705,0.12152177533378,0.284465016999431,0.61836091375942
PLXDC1,0.59788542059574,0.658769992962449,0.285448079660232,0.303196324185563
PACS1,0.0647570947054651,0.113233791092048,0.28545450153678,0.596990550709986
RAN,0.099864924624509,0.187922533347963,0.288163352673117,0.64887689505695
LDLR,0.80795301168313,0.365289470126583,0.289320126495191,0.174453562755758
ATP2A2,0.239285840176711,0.580618562105135,0.291393311862563,0.780887079944629
WAS,0.122307676535277,0.25776242295493,0.292689493962704,0.834436106154181
LTBP2,0.118280866041322,0.251430222486663,0.293451940616982,0.878878212654917
FAT1,0.470331722962156,0.881546240170459,0.297005508301917,0.43444995962927
FAM114A2,0.0492252074828413,0.065270404640409,0.29759052944847,0.417746624163563
COL14A1,0.549615053041506,0.614928782800617,0.297770885498282,0.320999548491712
GP5,0.0274674869465315,0.026778662950557,0.300249868205125,0.277449108947149
IGLV3-9,0.303749327227855,0.720500631623654,0.303904495792034,0.683490536287718
GAS6,0.995628316190238,0.214197498325256,0.307674109580048,0.113148643329565
AP3D1,0.683654495736294,0.631770177429092,0.311090454948153,0.297571357109821
TGFBI,0.145975186021183,0.301129454269264,0.312252664725648,0.902404538246206
ALDH16A1,0.95339324822314,0.189853039686809,0.313006536839106,0.103372178720699
ETFA,0.437803101862467,0.980923627677448,0.313293418084961,0.506145776754658
LCAT,0.730988634526244,0.493382158344177,0.315535882050137,0.247158964737279
NIPSNAP3A,0.479083959352373,0.974129899801825,0.317321651194976,0.466420620794362
C8G,0.212003855627996,0.462574321954879,0.32012691418583,0.920996931447641
JAM3,0.713807155353281,0.546666609939689,0.32380418343319,0.276223839102248
USP15,0.634099204411132,0.741763437382207,0.324208476648185,0.354096514847069
DLD,0.805929820692922,0.4402058006922,0.324600385892989,0.223973743107607
HUWE1,0.288446547820051,0.65439603367003,0.324898334136965,0.773826151466957
ARPC1B,0.174881959205422,0.358676301272577,0.326300270238035,0.959708886045231
TDRP,0.785349336869879,0.107485409351852,0.326780287917853,0.0663429164041858
RTN4,0.334515292856739,0.745714857623485,0.32986767206497,0.691069692269408
APOA2,0.589774648675962,0.753331442532334,0.33145862455855,0.383641730022602
IGHV2-26,0.71295179903097,0.695798324214047,0.332350654547809,0.328279636066731
YWHAZ,0.330251600825051,0.730553253296961,0.332854212089782,0.705159494971761
CYFIP1,0.322660368589408,0.707999547662489,0.335679396872361,0.724844224932253
ADAMTSL2,0.417810240955367,0.917513936793499,0.336217729916619,0.579732576773081
CDH15,0.881233437653071,0.172193456150979,0.338187618862321,0.102259672669069
NBAS,0.622808400717058,0.0712826350760917,0.342964647717679,0.0515796879791407
MCU,0.717237231799083,0.582924855347584,0.345742760590349,0.305503586943833
MPL,0.503427559701155,0.0587608793320404,0.345828632408429,0.0489029121537422
CD63,0.395056899541266,0.921345650476816,0.346923783191782,0.646802189523782
RAB3GAP1,0.581219555374717,0.772610700381039,0.347512461923215,0.412594462246996
HIBCH,0.00954244177414344,0.00251438131976345,0.34771167293644,0.0573045010652322
SVEP1,0.309430350387782,0.656343102429612,0.347930386084373,0.777091639256827
HACD4,0.761817189088165,0.481195750199639,0.351761708857197,0.263748658375245
UBR4,0.464636191195762,1,0.352519691884631,0.552204818944479
KSR1,0.636048200499665,0.797263131525069,0.352543369550928,0.397956651057186
HYOU1,0.680221122272261,0.646670296044988,0.352680860179724,0.34252455581496
SFXN3,0.793806977211449,0.470192305593045,0.354433978634325,0.256634756920919
APOD,0.386370673708616,0.817631618148641,0.354530614116874,0.663233224400989
LAMB1,0.152412809958778,0.264198861633029,0.357014236462702,0.781882630113848
ANKRD28,0.268894571177048,0.50766621461397,0.358919058486158,0.748544018347702
C1R,0.476339383867603,0.992003988427753,0.360676414958397,0.55412513113897
FYB1,0.432553421190425,0.901620047788956,0.36211783279348,0.613191336269946
STK3,0.390844991656962,0.820948042910979,0.365368480572994,0.684857039142895
TMEM43,0.215343728391278,0.402889432933746,0.366718281321541,0.9081218822
CYB5R3,0.741012734700544,0.582924855347584,0.367746336596599,0.318950475591888
ADAMTS8,0.847623986022974,0.414490571673271,0.370364079452787,0.238230931929295
C2,0.499587532932991,0.986673692429052,0.372664544205597,0.549269645473509
EFEMP2,0.992713920791329,0.2740493925704,0.375725947379578,0.165659515370865
SPP1,0.687570087612465,0.67340267143055,0.376845783803853,0.37255375278739
PIP4K2A,0.283993346956182,0.544285281078756,0.382141411032577,0.905455309530811
COPA,0.44000687074723,0.893174893570786,0.383963988607149,0.650236009138575
THBS3,0.397643299969043,0.789168316266519,0.385360242834535,0.711481783651344
TAP1,0.404972112978857,0.796686746072544,0.385799663549239,0.688172622458319
GGH,0.72661417240502,0.72957121358049,0.385996733665649,0.3869553358954
DBN1,0.970886047103563,0.342839689620538,0.389325256755924,0.206510207083353
DNM2,0.56017218997579,0.158830702106608,0.390238084458951,0.131530260593676
F13B,0.665608723643604,0.0986635810835048,0.393625881672105,0.0751892552937761
ACLY,0.815048354730807,0.498088994928483,0.394161253240127,0.292289579385062
VDAC1,0.611903707453755,0.0670421312919193,0.394203032047649,0.0542697105119625
ACSL4,0.459663566412498,0.915799952740394,0.394239360745079,0.640555388221926
DCTN2,0.899652565961156,0.422353579829477,0.394562652495791,0.25032403836966
AKAP12,0.675337507410923,0.725521302751343,0.398489354439156,0.415737099000923
ARHGAP6,0.183414395459178,0.296350708374372,0.398633629252033,0.812664889124433
CAST,0.595487632595315,0.731801160191591,0.399779275395879,0.456466915576605
SAA4,0.137776988418909,0.197340181371848,0.399978630495753,0.66646857126927
APOM,0.586313200327894,0.880487628553171,0.403596379015272,0.509148072810402
PLXDC2,0.225701912630406,0.382310387164317,0.405389901749362,0.910353286602145
GLIPR2,0.234001347115286,0.3913479130141,0.407524451279905,0.860104395454787
RAB1A,0.630790906742186,0.812438240184526,0.408295583869529,0.472365924753967
CDH23,0.958144681927818,0.257458355455517,0.410089677715445,0.168891341281805
HECTD3,0.506024226773049,0.962697658732127,0.411653784549967,0.615148264078326
FGFR1,0.669250950121068,0.75587544172499,0.411990301661806,0.442225835427035
TMT1A,0.860771675123218,0.467905286954029,0.414352879841048,0.286377649603253
NDE1,0.223624917378575,0.377437624817372,0.415945329931921,0.950251895919173
INHBC,0.384566632159191,0.71559546914385,0.416944412493439,0.792936700697123
COLEC11,0.717237231799083,0.69062404231304,0.417741040084724,0.408950673744503
NRP1,0.977500971377393,0.322398811766536,0.417922198114931,0.207733316003362
TMED8,0.84734095352036,0.513405967731986,0.418610993500699,0.311438033278552
MMP19,0.395751760342392,0.730553253296961,0.419504806761602,0.78534351390427
LRRC32,0.441922003580045,0.826316171347666,0.419983834688819,0.709669592833218
VAPA,0.74604857008062,0.653919666215622,0.421652177244683,0.390800009554154
SERPINA5,0.0282944778510407,0.0122017534654709,0.422148702584829,0.139983114807092
LRBA,0.486837349193608,0.906914136239609,0.423386356661135,0.661916776166735
TAOK1,0.774109314281536,0.596765465548714,0.425603063550749,0.364710054683261
EHD3,0.386370673708616,0.69805226873781,0.4280580516725,0.818027708683258
FLT4,0.770104449193358,0.170918808076333,0.429101599555811,0.126501287162378
ACTA1,0.677777730843196,0.119829120043124,0.430077173177615,0.0957116012887705
SIPA1,0.671972183383218,0.762466534132657,0.430807602933372,0.463346850729077
CFB,0.382654126112956,0.685687583158422,0.431168133843961,0.830518421556996
ARL6IP5,0.265777404251715,0.434313711599529,0.433503550075661,0.921238265344438
NCAM1,0.345755351187249,0.601520061759693,0.436147071662279,0.904298333749519
HP,0.484728445557644,0.880487628553172,0.437449111608076,0.691648688530761
HADH,0.585856081077813,0.0886932533100171,0.437463812330203,0.0785862098849791
MTOR,0.0964028050927344,0.0932592125446025,0.43812177341534,0.414371614600043
PPP2R1A,0.268789113197055,0.43420970987472,0.440010358640323,0.935477203403741
VCL,0.0434824577015606,0.0245312745499197,0.440018468677365,0.205255425869286
IGLV3-21,0.501726483651741,0.961971391077378,0.442338067234748,0.682738601186843
COL12A1,0.298020274987387,0.491037270155284,0.443737165557698,0.970159690618043
ESAM,0.188081106995155,0.259870048021796,0.447951805853758,0.722249783110544
VPS45,0.543172066154358,0.943264805825545,0.448543650956171,0.633883467359512
PKHD1L1,0.856456448881111,0.246989165192428,0.451309933900151,0.178107328004008
SELL,0.198268485046421,0.276204617967268,0.452323831733218,0.740932885497517
SERPINC1,0.460812886849514,0.80984448526598,0.45307537859852,0.754811125986461
PSMD13,0.840260829365314,0.598069378344536,0.456351982160309,0.377538879742573
LAMA2,0.470096819975484,0.822832644625614,0.456414085653302,0.748135105859146
ASAP2,0.676557221777663,0.817631618148641,0.460590910110906,0.51262392259329
ABI3BP,0.762484304452614,0.688154228437702,0.462794476489596,0.436682228484543
WDR1,0.392924011155598,0.658769992962449,0.464128647907086,0.880518545752116
MUC20,0.61838324884113,0.852194909622991,0.465679695865023,0.565667971402144
C8A,0.539918191145189,0.938753770113922,0.466896825119218,0.675356644495709
TMEM40,0.59392296762862,0.0847245913374615,0.469919319169517,0.0782211397023675
CRP,0.100877164767772,0.0847245913374615,0.470414361996486,0.371197819246807
SERPINA1,0.872124168721905,0.548767332108401,0.471644814324417,0.360845304447351
STRIP2,0.660031353811908,0.939286182750308,0.472536941082476,0.560537238083032
FERMT3,0.384509829526053,0.629879929423241,0.472735330609439,0.91166431651072
LRPPRC,0.816418142447712,0.631770177429092,0.473842498787153,0.410134167458238
ITLN1,0.922022009783872,0.489769966905427,0.474275976044188,0.32817404134312
RPN2,0.403348427303444,0.661200316410446,0.477217965217912,0.889516047153526
P2RX1,0.886000207863054,0.598069378344537,0.480214232961877,0.389230725163297
VKORC1L1,0.113083885775417,0.104039021122669,0.480514758346694,0.424295734250095
IGHV1-24,0.288658721101436,0.422353579829478,0.485275422064269,0.885156495911159
SERPINA4,0.791805785890549,0.678306883851974,0.486735366585973,0.44603160538048
DOK3,0.790985198927616,0.659740450509799,0.487300942932099,0.43880679823019
PPP1R3E,0.390262061472241,0.626323289797149,0.487340449213238,0.955540905421407
STX11,0.160987196112319,0.172308060667418,0.487936903715377,0.537756274280811
PLXNB1,0.462867650763091,0.760970997850125,0.488766803040477,0.820507723732829
EFEMP1,0.245570952261745,0.334228695306478,0.489046662158788,0.784588103987093
SNED1,0.0668591095129665,0.0347356924990643,0.489572572009772,0.208863369120737
C3,0.564598588746898,0.949390210246095,0.489614134004108,0.685794929660718
RCN1,0.69406265735656,0.815223878267954,0.49005348648105,0.537207366486861
NBEAL2,0.830707285241471,0.609669627493051,0.492404963800225,0.411350996716464
ACTN1,0.244867308627565,0.329126485734941,0.492939822900032,0.775502425283693
CPT1A,0.558657922708521,0.939884861138273,0.496644304371587,0.707422982537182
CFHR1,0.414895248754362,0.656343102429612,0.497196536224784,0.909975183445385
SEC23A,0.216133549828905,0.259227803929681,0.500538081855108,0.652544694030093
SDHB,0.370475963357427,0.0622476040648208,0.503639384734772,0.0823944120538817
PARVB,0.404303720707144,0.613270016972004,0.514141545127973,0.959722857043044
CSF1R,0.805118963656738,0.678574973757026,0.515875616172059,0.467838522506439
IGLV2-18,0.476063016610211,0.744552265829013,0.5230703497192,0.877992264524054
ANGPTL6,0.70111477545754,0.184369865214032,0.529442402961981,0.16399162531732
CSF1,0.655932337339005,0.954711772623923,0.531122333762664,0.650396525215784
EIF4G1,0.821405577449415,0.279244616430397,0.531260912432663,0.227235086703011
LRP1,0.939167991157523,0.393518115920904,0.531450914945138,0.299107997959272
RPLP2,0.37278597982788,0.525350730501788,0.534885639099559,0.90673492215518
ASPN,0.776470510346555,0.768632852414392,0.536574949838549,0.53371947494005
PLEK,0.351018096567302,0.483422201513746,0.537363207631992,0.904716267653566
AKR7A2,0.653521585823613,0.970687117158123,0.539477488773164,0.667131639324263
INPP4B,0.988342509110281,0.467905286954029,0.544075282173489,0.351646586433768
SDF4,0.794409331785013,0.749352990993542,0.547666632933916,0.530326487415106
TOLLIP,0.273361954927665,0.342802439448838,0.551490133781571,0.80073350480705
VPS33B,0.354996460811645,0.490873755285151,0.553547034685784,0.99025237727443
FCER1G,0.425788876109188,0.59933681707997,0.557023009712711,0.980342904629521
LAMC1,0.374506695597289,0.500450907408775,0.558319709577717,0.889013159151717
CHST3,0.95766224613007,0.442214510834289,0.559881753012539,0.343210857919977
NRP2,0.744788650083754,0.854187513629101,0.563221719476622,0.606615875290927
EPB42,0.297427800944362,0.359356695091562,0.563379718752276,0.759447901775141
OGN,0.423298429707553,0.58629008532458,0.563984500757654,0.965546702584358
HSPG2,0.985440755053482,0.522138991762802,0.571159606538358,0.399552910678602
BABAM2,0.680221122272261,0.970687117158124,0.571471971337838,0.690114381494312
IGHG2,0.923339823820772,0.606208422297041,0.574258002363324,0.45452790803552
SERPINB6,0.753154536931965,0.855474056266407,0.584431213917576,0.626778984799926
CYFIP2,0.771323873648036,0.208366597139927,0.588149289984843,0.195043047703094
GP6,0.227036606427592,0.218613062059092,0.592170523255237,0.563827210347547
ATRN,0.645110706130349,0.938753770113922,0.596247750943238,0.772737215774409
EIF5,0.876048680291444,0.707999547662489,0.603461975892439,0.537559680416194
IRAG1,0.820113359652598,0.796906099424203,0.60809376723699,0.598848210225806
GSN,0.661973865787027,0.202210545521032,0.609133151679509,0.201649733400462
F9,0.54102896085651,0.740650224396408,0.609338552620877,0.92957064468228
CCT7,0.770656407525464,0.28079530141627,0.610879401944085,0.258176132683458
IGFBP3,0.634178278627466,0.899626754802126,0.61285332670327,0.808429034288717
CANX,0.681443999223224,0.219911404689312,0.613626837432703,0.21628207653748
PTK2,0.66952271493258,0.956218642012131,0.614259988811135,0.772792727785959
CASP6,0.803817922996504,0.843479961758194,0.616817065892559,0.631685356754353
ACAN,0.757332457288094,0.896085572579823,0.618349474524565,0.677055467966191
COX5B,0.342701728734184,0.394577461716475,0.621266496156074,0.787641802777444
PSMD12,0.362582533819246,0.414551074579041,0.621979724587153,0.774402504498667
GUCY1A1,0.291795665579442,0.296350708374372,0.624212417037047,0.643626081494633
DCN,0.726087397717891,0.948267896188925,0.626198831123319,0.723255946869104
GPX1,0.958984191940193,0.513405967731986,0.626789752199861,0.423810227483298
IGKV1-6,0.93450669542392,0.737902717479827,0.628171481186024,0.56444435941897
EIF4B,0.472681904168265,0.605275068982401,0.629698366591257,0.955346538895751
PCYOX1L,0.522403897578575,0.679287703612739,0.632369181245272,0.963979604000061
OMD,0.857760154581354,0.4030010738677,0.634938457671435,0.353895172779462
VAPB,0.167434449377118,0.10077444287909,0.639719072371595,0.323034592065507
FBN1,0.577126083010589,0.763522504992237,0.640527773377555,0.9346719203126
CDH19,0.507053168005883,0.643815061103553,0.640986683416213,0.986420750720827
PRSS3,0.948242126219738,0.548605249666762,0.641569693934897,0.460542027893956
RTRAF,0.454030989423448,0.563763030017002,0.641703308057258,0.995051641569641
MAP3K5,0.954805793176804,0.488241913811412,0.644880451677999,0.416908870263659
IGHM,0.497451049358294,0.617996890353082,0.64720580688598,0.943233952665922
MGP,0.288410735450409,0.228602155906375,0.650131359220738,0.47678869332586
LIMD1,0.733737529914827,0.984662516552938,0.651619990121988,0.755573078771439
SH3GL1,0.847453516515721,0.806534794940719,0.651908242195104,0.634891318712116
RAP1GDS1,0.229122270729512,0.0128915292313397,0.652920091609242,0.0275457497077537
KLC1,0.704046665765508,0.965941413303833,0.653028961412479,0.796669587914974
TLN2,0.564035160200459,0.728041422115852,0.653632369040618,0.998637164314157
SERPINB1,0.974854804007766,0.564589873321584,0.655541352551126,0.473694227235442
SCCPDH,0.835837384616552,0.852194909622991,0.656021147194988,0.662190746567408
DAG1,0.179966918277616,0.123156306390938,0.656317262437428,0.386902703218633
PI4KA,0.517469677201368,0.642617454772122,0.658446855000156,0.974502718398859
NAP1L1,0.412958188668724,0.460516189469515,0.66037107387342,0.793048484671136
TUBA4A,0.637935000618855,0.833256795926601,0.666975286795298,0.90061909279095
IGHG3,0.962097718158016,0.665478081678607,0.66713196290835,0.549171016203328
VCAM1,0.592087165433238,0.750789995657087,0.670959154832201,0.966455765023615
CEMIP,0.839275428872073,0.838173966676125,0.672704022693983,0.672156019703234
MENT,0.969563273526952,0.661200316410446,0.674622631535464,0.549873041482794
RELN,0.776470510346555,0.954711772623923,0.677116520950103,0.752516500820575
ATP6V1H,0.753022494529751,0.285185191755078,0.677879421195594,0.284163511164972
IGF1,0.870087595397929,0.7804471349386,0.678845069730574,0.639130157314435
GUCY1B1,0.694909600383774,0.314018494109394,0.679993641634017,0.321204069124971
TPM4,0.734732534969061,0.322398811766537,0.692437970363811,0.322643165607423
EXOC3L2,0.258770380036847,0.24097781763742,0.696555349354759,0.623639298419062
GPD2,0.759948998816808,0.994669278319163,0.697925707491456,0.804429407964589
SRGN,0.766291731838815,0.367660640877496,0.707993992646584,0.36302864629578
GSPT2,0.985769930148086,0.595236730984508,0.710256196007932,0.52639096333887
PRPSAP2,0.302273872071457,0.260051154635036,0.711309856373252,0.569662494225299
DOCK11,0.892193654766011,0.837201949630252,0.716081067275778,0.693597585676144
COMP,0.411991542315895,0.0902239534257738,0.719945069882706,0.134444708885274
IGHV4-30-4;IGHV4-34;IGHV4-38-2;IGHV4-39;IGHV4-59;IGHV4-61,0.385439609449808,0.360462558132609,0.721205595194295,0.653632511192737
RNH1,0.274552025000376,0.247329343475342,0.722697481660711,0.612090127171271
OGDH,0.541389633607746,0.159354839134051,0.724234886462187,0.19793177905083
FLII,0.935208609118361,0.589868062023155,0.726717261512249,0.531273441466581
PROS1,0.8460402710888,0.477117284432366,0.727856996524598,0.452158722032248
SOD2,0.573697364133728,0.202210545521032,0.730959461723817,0.242318283775698
GANAB,0.249820664875381,0.168746856282683,0.731752990940898,0.416841992251166
IGFBP5,0.534737832834022,0.581173774005427,0.73893343565696,0.8570960733495
SERPINA3,0.628416660393874,0.725521302751343,0.741483528715726,0.964364193348507
PSAP,0.93594601273191,0.778257783230635,0.742235302322511,0.673458814247656
EPB41,0.291905257580339,0.204488317601551,0.742482183965271,0.446431011865598
LAMP1,0.964291033827331,0.63686433494179,0.74256576433735,0.574264426518828
TPI1,0.0781746957776196,0.0128915292313397,0.743245868006032,0.0746297375146644
IGKV6D-21,0.434281998047312,0.146569180337517,0.744857060234913,0.217937690060986
TNC,0.937848036187492,0.617996890353082,0.749249371389534,0.564040707421589
GTDC1,0.438839173807695,0.122661356107404,0.751021508749925,0.184734243946687
PHB2,0.857760154581354,0.922819202211052,0.753144033327994,0.780975572788556
NID1,0.578270993529738,0.221215006099198,0.757856540250897,0.268140591884273
TJP2,0.83954281215782,0.960035262047311,0.760170554133315,0.812188099873697
FLOT2,0.866520945459333,0.519547625898551,0.76089074511433,0.498131278070552
ABCB6,0.815896043631055,0.978148730165028,0.761200248880192,0.835475765578626
CCDC126,0.521864364216458,0.525776034463492,0.762956298824967,0.776354870467393
SPARCL1,0.771376516338191,0.930783176960286,0.763132444302728,0.895141720786128
ITGAV,0.286726900847772,0.184717580605204,0.765565566085653,0.409250857447781
CAMK1,0.763752854083194,0.914862603441187,0.766119113978594,0.908862376851215
PCSK9,0.648710242568908,0.291620586542988,0.766419391875484,0.330163484737028
OPA1,0.766450608466336,0.428951093188972,0.767915854229804,0.440480077888166
COPS5,0.492129834355265,0.479214141477625,0.768153020454119,0.739250884828436
GNAQ,0.448881050058348,0.402092251272902,0.771172002985145,0.652674030873998
PYGB,0.256284867682831,0.03486985079401,0.773484834772217,0.0755123677619749
H2BC12;H2BC12L;H2BC13;H2BC14;H2BC15;H2BC18;H2BC4;H2BC5;H2BC9,0.462765734784076,0.386074025894209,0.774459240196331,0.597927691057667
LRRFIP1,0.347732601472066,0.248830459726413,0.780518247538307,0.4804127051062
SPP2,0.737242648300677,0.397295735341823,0.781060293011842,0.419915628226416
DPT,0.696274068667252,0.781729268563216,0.788209725247799,0.983207939842361
GSPT1,0.763752854083194,0.436203390286432,0.790104981739564,0.454069743229061
ARAP1,0.485782317862332,0.448270539242654,0.790462103074175,0.696809778300882
SUMO2;SUMO3;SUMO4,0.467536787404963,0.354996460811645,0.790665647389105,0.543175540323418
TPST2,0.153149903091071,0.0438808632485433,0.792075468107936,0.154413547459542
SPN,0.699531206830357,0.781263485976864,0.792246994723375,0.962517309574548
TWSG1,0.349198151947575,0.147396020606921,0.79263221683081,0.27009874038618
MAN2A2,0.307789605499888,0.050921755662617,0.797002625462384,0.0975986480128897
C7,0.587466036527966,0.592190512423856,0.80146540921188,0.816030279175405
CDH6,0.857899601311236,0.977989462911175,0.802341261160403,0.856198117782518
GRIPAP1,0.426873597600576,0.341906764350536,0.803104428903207,0.573841925778978
PSMD1,0.499201786555195,0.426657671782896,0.81675201066433,0.64254007284776
IGHG4,0.775196159146792,0.869950876415986,0.817710732025653,0.976979544178166
DCHS1,0.419234892565077,0.144268639688663,0.821805549750691,0.231148137353318
CAT,0.810051138599816,0.914175672726268,0.82431091543213,0.940854271906804
UBE2O,0.483675733890541,0.412613226751157,0.826323193276341,0.64177230963927
VSIG4,0.644587639996691,0.644362237844361,0.829005518788414,0.829753831613224
IGF2R,0.916396429824585,0.667430696570761,0.829365298802392,0.646056199878013
RAC1,0.244164990309494,0.118154089989548,0.834963430485305,0.29780312247385
ALCAM,0.798218157679973,0.883125045900916,0.836933844180079,0.980011964581473
MTPN,0.98242379285184,0.866179629366561,0.837857755868962,0.793308276197262
GOLM1,0.727218185306515,0.768632852414393,0.839121538622356,0.932035552918613
PRG2,0.728468894231764,0.43820209051311,0.839604846828868,0.480965867889253
CD248,0.453353402999612,0.148199841381753,0.83964703460435,0.220740887245569
ARCN1,0.822157880171132,0.54391099070237,0.840007993685667,0.558816270134569
DERA,0.650389011903572,0.632132333089089,0.842536603568934,0.805474456312068
LRRFIP2,0.925976039433898,0.705508192354874,0.842855443588516,0.682797223743702
SORL1,0.995540837090475,0.810404753550169,0.843304333202782,0.759491659531524
PRKCSH,0.865589901805427,0.976015029926576,0.847608719806149,0.918586720116065
HSPD1,0.626046006250108,0.601520061759693,0.848228324881658,0.793587055320171
F10,0.974854804007766,0.859436107921478,0.848800173511403,0.797955407089181
MTTP,0.753022494529751,0.77572269270433,0.849192260041188,0.888368095797437
NME1,0.831759385823401,0.914862603441187,0.854343523296616,0.968048063291915
C1QB,0.992058303879362,0.820231188525696,0.857871325241602,0.775405155996982
ACTN4,0.554440881276058,0.481315784674858,0.861961023613997,0.682958465943847
F8,0.879976046528282,0.968023614595605,0.872753760334739,0.941070736391138
RAP1A,0.450611034688411,0.329126485734941,0.873422395208022,0.53416955695539
NEXN,0.653521585823613,0.38046075035379,0.876443609150091,0.453233085178969
ATP5MF,0.743529368880554,0.748251125809241,0.878660343821037,0.890338088073694
DPP4,0.655932337339005,0.613270016972005,0.879619194695047,0.783225510169395
EDC4,0.917885516807696,0.624821197929255,0.881645661305194,0.628998998354846
MCAM,0.631979370811803,0.360462558132609,0.882541852446181,0.439555944241839
DCTN1,0.548834123901882,0.448270539242654,0.888920178139269,0.637687680318068
RBP4,0.9154360119962,0.99733462496961,0.894166094703164,0.933673231966737
SLK,0.241970608973105,0.040781836580976,0.894362705666858,0.0972383550243489
SPTB,0.717237231799083,0.477117284432366,0.897609397948566,0.54234240326918
CTSG,0.993558036305301,0.85316690341688,0.898379718807932,0.824665765779215
FGL1,0.966492796436675,0.931107042683119,0.901536260514438,0.884910651314834
CALCOCO1,0.481829816331602,0.204488317601551,0.904472381655351,0.299848762248855
PGLYRP2,0.648710242568908,0.576018247368142,0.904884582148873,0.73704542268184
ITGB5,0.894704845188981,0.728041422115852,0.905548278325679,0.738083538692342
CD44,0.396696893435806,0.241403503128391,0.906152135899545,0.425863182264577
ST8SIA4,0.476063016610211,0.323134483428027,0.907976667285254,0.499990054519172
UQCRC1,0.882364611929297,0.92525953036911,0.911619049045053,0.999140744578413
APOBR,0.833561296701079,0.643757856785036,0.91667813298993,0.678574904746494
ANTXR2,0.537671845393683,0.409906218823129,0.91862906718001,0.589645127869092
ITPR2,0.196658429990327,0.050921755662617,0.919842170377124,0.148350756995427
ACADSB,0.572741635190913,0.482125637546877,0.920205844735421,0.67882476724437
PSMB8,0.568003005451785,0.444228210823164,0.922634048587054,0.614642361093532
ADGRG6,0.863989213435618,0.68336079108843,0.924033905569214,0.710889264974284
MXRA5,0.291038153368121,0.12375690764341,0.92575644264325,0.271655600909345
STK38,0.497379385479096,0.165480700439902,0.926666639136698,0.239686143335202
APOA5,0.978824143676274,0.885763699943416,0.930295526875101,0.869730996800067
CAVIN2,0.668036060308426,0.576018247368142,0.932299203057608,0.720205624615579
PDLIM7,0.19705077192387,0.0555496044145451,0.932918096904194,0.162798111709119
C4A,0.430571545704667,0.187846022303351,0.935444462126021,0.30149740460453
PLEKHF2,0.66222923047947,0.605349846610809,0.939680695573431,0.782937447820759
SOD3,0.894090014366465,0.910949596045463,0.939764257399297,0.975149599058438
COX4I1,0.627286544723129,0.429643408088319,0.942303438219293,0.54361736030938
BMP1,0.615629499024713,0.458412587251348,0.949006249523981,0.594149950899168
ASPH,0.313528168039433,0.133871757181511,0.955684714555309,0.277102330721778
MIA3,0.545491541691095,0.369387561076334,0.962221518192847,0.519683852812938
IGLV3-25,0.631979370811803,0.42825888425135,0.964125314729282,0.538268003888767
UXS1,0.758252093789481,0.698748689740306,0.972761152717927,0.818417536224342
MASP2,0.457739712084763,0.234541386848038,0.973359283561492,0.3651312125735
FMOD,0.287585915281817,0.0883590674755781,0.978544642103745,0.191706181475485
HSD17B12,0.591372823241742,0.412677894455217,0.979290168568572,0.547524371786061
IGKV1-27,0.906524029538177,0.885586047879424,0.982361474825288,0.931367318229843
MAN2A1,0.851037272749088,0.752445931355984,0.985520095486872,0.804522152362908
PTRH2,0.761562419720906,0.64847793440529,0.985838540476122,0.743091411103726
MGLL,0.554440881276058,0.371291445052372,0.987583141474384,0.51411106813059
TGFB1,0.906224829690302,0.843708991043796,0.988589679974107,0.876379780959189
GOLM2,0.865480896911454,0.764673352969404,0.989545265437429,0.811167907421595
PAM,0.772649159082297,0.653919666215622,0.997315513369414,0.738727496279017
LSS,0.949808845402043,0.926549607150769,0.998644255121724,0.945529584771281
ITIH1,0.463896822614003,0.256970079143157,0.999590171775879,0.399268225434228
