Genes,rho_SkM,rho_AT
ESYT2,0.081025641025641,0.0704347826086957
SSC5D,-0.225384615384615,-0.0770750988142293
NBAS,-0.52695652173913,-0.405985319028797
DENND3,-0.303359683794466,-0.196103896103896
CNOT1,-0.0237358101135191,-0.120588235294118
NACA,-0.00608695652173913,-0.0197628458498024
AGPS,0.0456140350877193,-0.0897832817337461
KIF2A,0.235384615384615,0.225296442687747
PDLIM1,-0.151452991452991,0.116521739130435
MYO1C,-0.00692307692307692,0.117588932806324
SNAP23,0.188461538461538,0
STXBP3,-0.0959752321981424,0.273477812177503
MASP2,0.547350427350427,0.184347826086956
RAB27B,0.137094017094017,0.00782608695652174
AP3B1,-0.0790513833992095,0.0841332580463015
NDUFS8,-0.31008547008547,-0.103478260869565
PSMD11,-0.0861538461538462,-0.162055335968379
PSMD12,0.156923076923077,-0.0773913043478261
PGRMC1,0.241538461538462,0.0484189723320158
CLIC1,0.237606837606838,-0.225217391304348
QSOX1,-0.531623931623932,0.185217391304348
IPO5,-0.104273504273504,0.200869565217391
DNM1L,0.246495726495726,0.217391304347826
GOLIM4,0.0576923076923077,-0.214426877470356
AGRN,0.00461538461538462,0.00494071146245059
CHL1,0.144615384615385,-0.290434782608696
VWA5A,-0.320158102766799,0.0781954887218045
SDCBP,-0.355882352941176,-0.102941176470588
DDX3X,-0.0469230769230769,0.139328063241107
PODXL,0.0766917293233083,0.440350877192983
KPNA4,-0.330321852060983,-0.348872180451128
PPP6C,-0.124675324675325,0.0781954887218045
C2CD2L,-0.0800395256916996,-0.119480519480519
COX7A2L,-0.212280701754386,0.0175438596491228
AP3D1,0.297571993224167,0.196992481203008
CCS,0.1,-0.0306324110671937
ABLIM1,-0.138961038961039,-0.424561403508772
TOR1A,-0.539731682146543,-0.473684210526316
ADAM10,0.131422924901186,-0.101298701298701
PRMT5,0.0473684210526316,-0.311274509803922
TPP1,0.0592885375494071,-0.179220779220779
NRP1,-0.0242735042735043,-0.328695652173913
APOL1,0.0557264957264957,-0.0139130434782609
PSMA7,-0.416752136752137,0.34695652173913
SCAMP3,-0.00592885375494071,-0.163636363636364
MGST3,0.174406604747162,0.017156862745098
IKBKB,-0.174025974025974,0.23609022556391
PPP1R12A,-0.27,-0.242094861660079
XPO1,-0.148034188034188,0.28695652173913
PLXNB2,0.146153846153846,-0.102766798418972
PFAS,0.0684615384615385,0.200592885375494
ANKRD28,0.249122807017544,-0.247549019607843
LSM1,0.0231507622811971,0.285714285714286
SCAMP1,-0.0269230769230769,-0.408102766798419
SCAMP2,0.349059829059829,-0.0278260869565217
ARPC1B,-0.294358974358974,0.106086956521739
ARPC2,0.101538461538462,-0.028695652173913
ARPC3,0.024957264957265,-0.159130434782609
BET1,-0.353973168214654,-0.0269607843137255
PGRMC2,0.0546153846153846,-0.106719367588933
ZNF185,-0.15,0.0375494071146245
SURF4,0.296428571428571,-0.375
SPTLC1,-0.124505928853755,-0.148051948051948
INPP4B,0.225384615384615,-0.25197628458498
INPPL1,0.0675324675324675,0.398245614035088
EIF3D,0.103076923076923,-0.0632411067193676
EIF3H,-0.141739130434783,0.00169395821569735
STX7,0.199230769230769,-0.0365612648221344
ABCC4,0.362608695652174,-0.08300395256917
TAPBP,0.136923076923077,0.211462450592885
CLDN3,-0.493566243378767,-0.311465128571064
ZZEF1,-0.200592885375494,0.00649350649350649
ASAP2,0.0447863247863248,0.145217391304348
PLXNB1,-0.0598290598290598,-0.361739130434783
CYB5B,-0.326495726495727,0.12695652173913
ARHGAP6,0.18974358974359,-0.20695652173913
PSMD3,0.175384615384615,-0.523715415019763
TGFB1I1,0.0569230769230769,-0.0434782608695652
ADCY6,0.102608695652174,-0.221908526256352
MTSS1,0.011965811965812,-0.298260869565217
TXNL1,0.320869565217391,0.210615471485037
EIF4G3,-0.150649350649351,0.133834586466165
AKR7A2,-0.197264957264957,0.12
NCK2,-0.0588235294117647,-0.361764705882353
ACTN4,0.132307692307692,0.220869565217391
STRN,0.278260869565217,-0.167701863354037
CALU,-0.232136752136752,-0.222608695652174
AHCYL1,0.28,-0.226425748164879
KALRN,0.04,0.218379446640316
PLIN1,0.118260869565217,0.127046866177301
PRPSAP2,0.102167182662539,0.377450980392157
KIAA0513,0.271304347826087,-0.0525127046866177
SPAG9,0.106923076923077,0.198616600790514
SUSD5,-0.124102564102564,-0.301739130434783
OPA1,0.117391304347826,-0.323546019198193
PIP5K1C,-0.0770750988142293,0.0194805194805195
NRP2,-0.12,-0.16
ACSL4,-0.206098249576511,0.33984962406015
DOK2,-0.120869565217391,-0.365330321852061
DIAPH1,0.434615384615385,0.590909090909091
PLIN3,0.177865612648221,0.337662337662338
SLC16A7,-0.0381836945304438,-0.0278637770897833
JAK2,-0.307142857142857,0.442857142857143
TPST2,0.149122807017544,-0.240454076367389
SNX2,-0.191538461538462,0.154150197628459
DPM1,-0.235652173913043,-0.200451722190853
USO1,0.0269230769230769,-0.111660079051383
TMCC2,-0.101538461538462,-0.128458498023715
WDR1,0.0413675213675214,0.326086956521739
ROCK2,0.00307692307692308,0.122529644268775
RAB11FIP3,-0.267285861713106,0.0318627450980392
RTN2,-0.168695652173913,-0.0762281197063806
FLNB,-0.0769230769230769,-0.269230769230769
CS,0.208461538461538,0.0770750988142293
SEC22B,0.185770750988142,-0.32987012987013
NDUFS3,0.290225563909774,-0.199174406604747
STX11,-0.0407692307692308,0.108695652173913
SKAP2,0.0386324786324786,0.0365217391304348
MYCBP2,-0.0647058823529412,-0.0529411764705882
FCN3,-0.414017094017094,0.316521739130435
RP2,0.0859649122807018,0.00490196078431373
ATP6AP2,0.0513833992094862,-0.281761716544325
GRAP2,0.367692307692308,0.408102766798419
EIF3G,-0.025974025974026,0.317293233082707
ZMPSTE24,0.123076923076923,-0.158102766798419
ATRN,0.0796581196581197,-0.0747826086956522
ARL6IP5,0.0584615384615385,-0.25
FLOT1,-0.283076923076923,-0.177865612648221
PDE5A,0.0782905982905983,-0.051304347826087
ECM2,0.139145299145299,0.156521739130435
STK10,0.270175438596491,0.0964912280701754
ENDOD1,0.412649572649573,0.0530434782608696
ABLIM3,-0.133399209486166,0.168831168831169
SEC31A,0.0532467532467532,0.123308270676692
CLSTN1,-0.0591452991452991,-0.0852173913043478
MFN2,0.358101135190918,-0.399509803921569
NDUFB4,0.0269607843137255,-0.308823529411765
RTN3,0.245811965811966,-0.0634782608695652
VAPB,-0.184347826086956,0.0513833992094862
NDUFA10,0.00526315789473684,-0.463364293085655
IPO7,0.0530769230769231,-0.058300395256917
APOM,0.218461538461538,0.0460869565217391
GNAS,0.186274509803922,-0.0142857142857143
MPC2,-0.322077922077922,-0.345614035087719
ACSL3,0,-0.193506493506494
CDS2,0.380011293054771,-0.0345864661654135
SNAP29,0.140869565217391,-0.00734048560135517
AP2A1,0.186086956521739,-0.265951439864483
MLYCD,-0.178921568627451,-0.373529411764706
AIFM1,0.392481203007519,0.0385964912280702
ABHD16A,-0.178461538461538,0.386363636363636
EFEMP2,-0.00230769230769231,0.473320158102767
LDHA,-0.241106719367589,0.0841332580463015
GLUD1,0.292173913043478,0.1699604743083
CYB5R3,0.197948717948718,-0.0843478260869565
GSR,-0.184957264957265,-0.176521739130435
CP,0.266324786324786,0.109565217391304
F8,-0.111111111111111,-0.177391304347826
F13A1,0.0830769230769231,0.068695652173913
PNP,-0.111688311688312,-0.245614035087719
HPRT1,-0.148034188034188,0.068695652173913
GOT2,0.131578947368421,0.387719298245614
PGK1,-0.216923076923077,-0.429841897233202
F2,-0.00632466474454882,0.339846196780914
C1R,0.0892307692307692,-0.0426086956521739
HP,-0.146978133476442,-0.300869565217391
HPR,0.335384615384615,0.277391304347826
F10,0.0386324786324786,-0.464347826086956
CFD,0.195213675213675,0.257391304347826
PLG,-0.0933333333333333,-0.193143862111476
F12,0.191074569917829,0.244155844155844
CFB,0.137094017094017,0.0904347826086956
SERPINC1,0.0876713614060824,-0.0843478260869565
SERPINA1,0.0434188034188034,-0.418260869565217
SERPINA3,-0.126837606837607,0.0486956521739131
AGT,0.534358974358974,0.165217391304348
A2M,-0.182905982905983,0.239130434782609
C3,-0.141880341880342,-0.123478260869565
C5,-0.283418803418803,0.0713043478260869
KNG1,0.14395623393846,-0.254399931158858
LDLR,-0.300769230769231,-0.0434782608695652
EGF,0.111304347826087,0.0553515978016986
TGFB1,-0.134358974358974,0.491304347826087
TG,-0.406493506493507,-0.212280701754386
LMNA,0.131578947368421,0.192982456140351
SPTA1,-0.0776068376068376,0.0826086956521739
APOA1,-0.167550010997258,0.0469565217391304
APOE,0.437264957264957,0.372173913043478
APOA2,0.0809841041737342,0.212946769960433
APOC1,-0.165128205128205,-0.0547826086956522
APOC3,-0.04,0.0722418891967994
FGB,0.0468376068376068,-0.0150613113701642
SLC4A1,0.256752136752137,-0.0382608695652174
CRP,-0.0784464540552736,-0.240118577075099
C1QA,0.107008547008547,0.130434782608696
C1QB,0.0311111111111111,-0.0843478260869565
C1QC,0.0147008547008547,-0.0947826086956522
C9,0.284654588426825,0.302608695652174
APOH,0.0133333333333333,0.286164916033119
LRG1,-0.0885470085470085,-0.0486956521739131
FN1,0.305982905982906,0.563478260869565
RBP4,-0.0947008547008547,0.0478260869565217
AMBP,-0.404216367314944,0.175652173913043
ORM1,0.164452383322123,-0.113913043478261
TTR,0.087828096856846,-0.094197730335833
ALB,0.055042735042735,-0.0869565217391304
GC,-0.192136053401705,
PPBP,0.378036352604615,0.0252173913043478
TFRC,-0.13304347826087,0.0525127046866177
TF,0.377094017094017,-0.0817391304347826
HPX,-0.398290598290598,-0.028695652173913
KLKB1,-0.315555555555556,-0.16
C4BPA,0.113162393162393,-0.189274937425783
VTN,0.358632478632479,-0.200869565217391
CAT,-0.00608695652173913,0.189158667419537
PROC,-0.137777777777778,-0.543478260869565
ALDOA,0.275897435897436,0.139130434782609
APOB,0.215042735042735,0.256521739130435
SOD2,-0.120683760683761,0.0243478260869565
LCAT,-0.0707692307692308,-0.16304347826087
HRG,0.277350098112615,
A1BG,-0.165811965811966,0.1
KRT1,0.048737236233737,0.115884754673425
VWF,0.174017094017094,0.0191304347826087
SHBG,0.235384615384615,-0.126482213438735
GAPDH,-0.111794871794872,-0.496521739130435
CAPNS1,-0.28,0.0834782608695652
HSPB1,-0.351794871794872,-0.0556521739130435
RPN1,0.243846153846154,0.437747035573123
RPN2,0.0064957264957265,-0.00173913043478261
GNAI2,-0.215042735042735,-0.0147826086956522
SLC4A2,0.145864661654135,-0.395252837977296
IGF1,-0.0234782608695652,-0.237154150197628
ATP1A1,0.287692307692308,0.151185770750988
CHGB,-0.360902255639098,-0.595459236326109
ALDOB,0.158102766798419,-0.328063241106719
APP,0.176068376068376,-0.277391304347826
APOD,-0.296410256410256,0.103478260869565
ITGB3,-0.0475213675213675,0.39304347826087
SERPINE1,-0.256153846153846,-0.134387351778656
SLC25A5,0.0921739130434782,-0.193675889328063
SERPINA5,0.0290598290598291,0.54
SERPING1,-0.216410256410256,0.0573913043478261
CFI,0.0871794871794872,0.0947826086956522
F13B,0.256868425854841,-0.165674425071806
PCCA,0.17234262125903,-0.138235294117647
EIF2S1,0.114624505928854,-0.0688311688311688
RPLP1,-0.00581196581196581,-0.0469565217391304
RPLP2,-0.243609022556391,0.126315789473684
RPLP0,-0.0123076923076923,0.296442687747036
CLEC3B,-0.0681818181818182,0.0051948051948052
SERPIND1,-0.119663428241324,-0.0147954799289967
ITGB1,-0.130940170940171,0.0643478260869565
PRKCB,-0.347692307692308,0.0612648221343874
FYN,0.176623376623377,0.00451127819548872
GSN,0.247863247863248,-0.239130434782609
C2,0.0290598290598291,-0.028695652173913
S100A9,0.203478260869565,0.0728402032749859
APOA4,-0.0739600261633639,0.25021729686849
EIF4E,0.05,-0.432142857142857
ENO1,-0.21982905982906,-0.27304347826087
PYGL,-0.403726708074534,-0.251948051948052
TPM3,-0.452307692307692,0.0443478260869565
ITGAV,0.311538461538462,-0.108695652173913
LPL,-0.166086956521739,-0.0175042348955392
SERPINE2,-0.24025974025974,0.459649122807018
LDHB,0.00538461538461539,0.0405138339920949
GPX1,0.0536752136752137,0.148695652173913
PROS1,-0.171965811965812,-0.051304347826087
P4HB,-0.188376068376068,0.25304347826087
CSF1R,0.0423076923076923,0.151185770750988
CTSD,-0.00515995872033024,-0.166666666666667
C8A,-0.146666666666667,0.0544580118734447
GP1BA,-0.169230769230769,-0.0982608695652174
C8G,-0.0160683760683761,0.0130434782608696
CAPN1,0.0591452991452991,0.184347826086956
TUBB,-0.0933333333333333,0.170434782608696
IVL,0.173333333333333,-0.346410161513776
DCN,-0.164935064935065,-0.0508771929824562
PSAP,0.124615384615385,0.024703557312253
PFN1,0.0230769230769231,0.0721343873517787
HSP90AA1,-0.00376068376068376,-0.253913043478261
LAMB1,-0.238461538461538,-0.173913043478261
LYN,0.315555555555556,0.157391304347826
TPM2,0.103846153846154,-0.016798418972332
FH,-0.00608695652173913,-0.42970073404856
THBS1,0.200683760683761,0.193913043478261
SLC3A2,-0.244615384615385,-0.0474308300395257
HSP90AB1,0.111111111111111,0.0530434782608696
SOD3,-0.220869565217391,0.271597967250141
CTSG,-0.185217391304348,-0.0141163184641446
MGP,0.0141163184641446,0.0415584415584416
ITGA2B,0.55965811965812,0.0904347826086956
LPA,-0.137024600187806,0.0135819983274922
PLEK,0.206153846153846,0.0956521739130435
CD14,-0.148717948717949,-0.144347826086957
PTPRC,0.15,-0.190711462450593
CFH,-0.00444444444444444,0.248695652173913
VIM,0.108695652173913,0.0502540937323546
SERPINF2,0.119316239316239,-0.131304347826087
F7,-0.222944096265739,0.115652173913043
RPSA,-0.147058823529412,0.459340659340659
CD63,-0.118181818181818,-0.269172932330827
ENO2,0.311278195488722,0.0894736842105263
DBH,-0.0920383963862225,-0.0818181818181818
GSTP1,-0.114551083591331,-0.294117647058824
SPARC,0.204786324786325,-0.0660869565217391
TPM1,0.031055900621118,0.107792207792208
CNP,-0.0113519091847265,0.524509803921569
CSF1,0.0912820512820513,-0.211304347826087
PDGFRB,0.052991452991453,-0.0878260869565217
DLD,0.0878632478632479,-0.0634782608695652
CTSH,-0.0906862745098039,-0.025
COX6C,0.0135338345864662,-0.266666666666667
C1S,-0.221880341880342,-0.274782608695652
SLFN14,0.0836826348564842,0.250141163184642
SAA2,0.161025641025641,-0.474782608695652
SRGN,-0.215042735042735,-0.00695652173913043
RRAS,-0.0526315789473684,0.0269607843137255
SPP1,-0.262085572828218,-0.103478260869565
DLAT,0.213622291021672,0.388235294117647
TXN,0.2218782249742,-0.087719298245614
COX5B,-0.115753811405985,-0.250649350649351
C7,0.465982905982906,-0.160869565217391
PRKAR1A,0.00239316239316239,0.182608695652174
CHGA,-0.267700021625464,0.146303391191891
TFPI,0.0912280701754386,0.0637254901960784
KIT,-0.233846153846154,-0.132173913043478
HSPD1,0.22051282051282,0.341739130434783
CLU,-0.0208547008547009,0.00869565217391304
HSPA5,-0.109059829059829,-0.21304347826087
LAMC1,0.0276923076923077,-0.264822134387352
HSPA8,0.544615384615385,0.411304347826087
SLC2A1,0.300769230769231,-0.289525691699605
SLC2A3,0.144615384615385,-0.0617391304347826
EPB41,-0.09,-0.16699604743083
PDHB,-0.240118577075099,-0.262337662337662
DBT,0.431578947368421,0.296491228070175
PYGB,-0.0153846153846154,0.199130434782609
BCR,-0.294736842105263,0.0556390977443609
SPTB,-0.11042735042735,-0.191304347826087
LAMP1,0.205194805194805,0.152631578947368
ACADM,0.0346153846153846,-0.151185770750988
FGFR1,-0.0311111111111111,-0.0808695652173913
G6PD,0.22051282051282,0.344347826086957
MTHFD1,-0.314782608695652,0.426312817617166
CETP,-0.120683760683761,-0.0347826086956522
IGF2R,0.16,-0.209486166007905
PRPS2,-0.0286561264822134,-0.0701298701298701
COX6A1,-0.0165413533834586,-0.254385964912281
COL6A1,-0.0297435897435897,-0.0278260869565217
COL6A3,0.0598290598290598,-0.313913043478261
F5,-0.0782905982905983,-0.0304347826086957
ACTN1,0.178803418803419,-0.0382608695652174
CDH1,0.104273504273504,-0.296521739130435
SRC,-0.165128205128205,0.244347826086957
PEPD,-0.185770750988142,0.144155844155844
COX4I1,0.108977978543196,0.493506493506494
RNH1,-0.221908526256352,0.141353383458647
BMP1,0.287826086956522,-0.0553359683794466
NCAM1,-0.207521367521368,0.000869565217391304
ICAM2,-0.264347826086957,0.139469226425748
VCAN,-0.297744360902256,-0.289989680082559
EEF2,0.219130434782609,-0.08300395256917
KRT10,0.219548872180451,-0.135190918472652
PDIA4,-0.163076923076923,-0.338260869565217
C6,0.0899145299145299,0.350434782608696
ALAD,-0.307017543859649,0.141382868937048
PRG2,-0.0796581196581197,-0.0104347826086957
LCP1,0.10017094017094,0.399130434782609
APEH,-0.0284615384615385,0.00197628458498024
ETFA,0.09,-0.254940711462451
GYS1,0.368421052631579,-0.159313725490196
PRKAR2A,0.277391304347826,0.0762281197063806
SELL,0.0700854700854701,-0.00869565217391304
PRKCSH,-0.192478632478632,-0.0634782608695652
HCLS1,-0.068034188034188,-0.0391304347826087
COX7A2,-0.0217391304347826,0.189158667419537
NID1,-0.372991452991453,-0.465217391304348
PKM,0.533675213675214,0.113913043478261
HSP90B1,0.0324786324786325,0.0817391304347826
GP9,0.109141974288204,-0.156990653852558
MMP9,0.172699438662252,0.0176470588235294
ANPEP,-0.108823529411765,-0.0735294117647059
RAC2,-0.137391304347826,-0.268210050818747
GSPT1,0.0324786324786325,-0.146086956521739
VAV1,0.120300751879699,0.012280701754386
NME1,-0.161709401709402,0.163478260869565
IGLL1,0.142788732997303,-0.130132245121808
CD44,-0.0181196581196581,-0.230434782608696
SELP,0.17,-0.259881422924901
ACAN,-0.0446153846153846,-0.235177865612648
SPN,0.17719298245614,0.116615067079463
ANK1,-0.188376068376068,0.00434782608695652
PECAM1,0.0796581196581197,0.00782608695652174
EPB42,0.299891167503275,0.146245059288538
ATP2A2,-0.23008547008547,0.217391304347826
CD36,0.152307692307692,0.0800395256916996
PLCG2,0.261654135338346,-0.213622291021672
FAH,0.099802371541502,-0.225296442687747
PRKCA,-0.119316239316239,-0.02
ITGA2,0.135726495726496,0.088695652173913
CAPN2,-0.291538461538462,-0.263833992094862
CTPS1,-0.463736263736264,0.0989010989010989
PFKL,-0.0361538461538462,-0.139328063241107
IGFBP3,0.252631578947368,0.159958720330237
PSMC3,0.0576923076923077,-0.146245059288538
TCP1,0.169230769230769,-0.0808695652173913
ALOX12,-0.0817094017094017,-0.42
ITGB5,0.0163749294184077,0.0496240601503759
ARF4,0.0892307692307692,-0.436758893280632
VCL,0.191111111111111,0.131304347826087
LBP,0.0235897435897436,-0.381739130434783
PTPRA,0.182806324110672,-0.52987012987013
PAM,0.244444444444444,-0.129565217391304
GNAZ,-0.0453846153846154,0.0345849802371542
VCAM1,-0.139145299145299,0.350434782608696
HK1,0.583076923076923,-0.136363636363636
NDUFV2,-0.338235294117647,0.235714285714286
SLC9A1,-0.0513833992094862,0.284415584415584
ORM2,0.082188510095347,0.0860869565217391
CSNK2A2,0.0360902255639098,-0.131062951496388
ITIH2,-0.00239316239316239,-0.191304347826087
ITIH1,-0.126370048276736,0.00782608695652174
TYMP,-0.197110423116615,-0.117647058823529
RAB6A,-0.0736842105263158,0.170278637770898
PSMB1,-0.0792307692307692,0.315217391304348
M6PR,-0.265221878224974,-0.0490196078431373
COX5A,0.0618803418803419,-0.0730434782608696
OGN,0.110434782608696,0.0491247882552231
CAST,0.166666666666667,-0.139705882352941
C4BPB,0.162420929027954,0.00695652173913043
RASA1,0.0446153846153846,0.105731225296443
CSRP1,-0.0930769230769231,-0.150197628458498
FLNA,0.132991452991453,0.606086956521739
VDAC1,0.293076923076923,0.357707509881423
BGN,0.220869565217391,0.110107284020328
SDHB,0.24604743083004,-0.241558441558442
CD9,-0.199130434782609,-0.107848673066064
COMT,0.269762845849802,0.0818746470920384
PCMT1,-0.286837606837607,0.179130434782609
TNXB,-0.0796581196581197,-0.326086956521739
PAICS,-0.123478260869565,0.525691699604743
UBA1,0.0107284020327499,0.0661654135338346
GPX3,0.215726495726496,-0.0121739130434783
NME2,-0.347368421052632,-0.135087719298246
PRKACB,-0.0234782608695652,0.466967814793902
UQCRC2,0.081025641025641,-0.229565217391304
CPN2,0.343474793745748,-0.236521739130435
PROZ,0.0516239316239316,-0.150327154150902
FBLN1,-0.0947008547008547,-0.284347826086957
PTGS1,0.202307692307692,0.0237154150197628
ITGA6,0.091965811965812,0.359130434782609
PPIB,0.261038961038961,-0.0857142857142857
ME2,-0.206923076923077,0.176877470355731
PTPRG,0.0605128205128205,0.0330434782608696
PTPRZ1,0.0731225296442688,-0.648051948051948
AHCY,-0.0311688311688312,0.407518796992481
CFL1,-0.011965811965812,-0.190434782608696
EIF4B,-0.0931372549019608,0.0147058823529412
LAMA2,0.0194871794871795,-0.40695652173913
EEF1B2,-0.0748717948717949,-0.191304347826087
TBXAS1,0.446837606837607,0.0391304347826087
IGFBP5,0.211688311688312,0.363157894736842
TNC,-0.367521367521368,-0.156521739130435
MYL9,0.04,0.00395256916996047
AZGP1,0.49122073517608,-0.0356521739130435
RPS12,-0.243956043956044,-0.043956043956044
CTSS,-0.175652173913043,-0.0502540937323546
PSMA1,-0.0447863247863248,0.132173913043478
PSMA2,0.180854700854701,0.263478260869565
PSMA3,-0.113495200451722,0.568421052631579
PSMA4,-0.00461538461538462,-0.148221343873518
PTX3,0.305384615384615,0.273715415019763
MSN,-0.139145299145299,-0.285217391304348
EEF1G,-0.10017094017094,0.0156521739130435
MST1,0.143859649122807,-0.00722394220846233
STOM,-0.148034188034188,-0.24
PON1,0.0820653115088611,0.297890852878122
MAOB,-0.113076923076923,0.188735177865613
YWHAQ,0.193846153846154,0.0660869565217391
DPP4,-0.223247863247863,-0.204347826086957
CAD,-0.101538461538462,0.503952569169961
CALR,-0.154871794871795,0.140869565217391
MAP4,0.223320158102767,-0.148503670242801
CANX,0.161709401709402,0.491304347826087
ITPKB,0.202597402597403,0.0491228070175439
PSMB8,-0.178119658119658,-0.0373913043478261
PSMB9,0.0186335403726708,0.0451127819548872
PSMA5,-0.0557264957264957,0.143478260869565
PSMB4,0.201367521367521,0.46
PSMB5,-0.112478632478632,0.0765217391304348
ABCD3,0.174019607843137,0.271428571428571
NDUFS1,0.0434782608695652,-0.101298701298701
PCSK6,-0.0355731225296443,0.290909090909091
TPP2,-0.211538461538462,-0.0899209486166008
PTPN6,-0.0412196499153021,0.0493506493506493
EEF1D,0.301880341880342,0.16695652173913
PRDX6,-0.135042735042735,-0.0373913043478261
PRDX5,-0.0161538461538462,-0.190711462450593
PRDX3,0.0553846153846154,-0.125494071146245
CMPK1,0.0931677018633541,0.0363636363636364
PDIA3,0.121367521367521,-0.109565217391304
PPP2R1A,-0.263589743589744,0.0173913043478261
FCER1G,-0.0423076923076923,0.139328063241107
AXL,-0.356581196581197,-0.249565217391304
ADSL,0.153846153846154,-0.438735177865613
CLIP1,-0.0953846153846154,-0.271739130434783
SERPINB1,-0.0905982905982906,-0.238260869565217
SDHA,0.174017094017094,-0.255652173913043
CORO1A,-0.267008547008547,-0.325217391304348
GDI1,-0.318885448916409,0.308823529411765
PRKAR2B,-0.0475213675213675,0.219130434782609
DNAJA1,-0.220588235294118,0.132352941176471
UQCRC1,-0.0230769230769231,-0.0800395256916996
HIBADH,0.12280701754386,0
HNRNPH1,-0.0859683794466403,-0.462337662337662
YWHAB,-0.0892307692307692,-0.226086956521739
STIP1,-0.129565217391304,0.132693393562959
L1CAM,0.212450592885376,-0.159796725014116
PRDX2,0.106766917293233,-0.195046439628483
CDH5,-0.139145299145299,-0.276521739130435
KIF5B,-0.14,0.0849802371541502
RNASE4,-0.0469230769230769,-0.00592885375494071
SHMT2,0.21203007518797,-0.0526315789473684
EPHX2,0.222556390977444,0.0964912280701754
HSPA1L,-0.248710010319917,0.198529411764706
HSPA4,-0.428461538461538,-0.223320158102767
PRSS3,-0.162223274020479,0.0178731081199269
SERPINB6,-0.182307692307692,0.111660079051383
THBS4,0.132991452991453,-0.208695652173913
SAA4,-0.0932303903551343,-0.0573913043478261
FBN1,0.238974358974359,-0.160869565217391
MYH9,0.314188034188034,0.458260869565217
COPB2,0.307692307692308,0.183794466403162
ADD1,-0.191794871794872,-0.294782608695652
BSG,0.132467532467532,-0.456140350877193
PPM1A,0.285470085470085,0.000869565217391304
IGFALS,0.0194871794871795,0.29304347826087
KRT2,-0.144529574378955,-0.408248290463863
HMGCL,0.147233201581028,-0.276623376623377
FLT4,0.401025641025641,-0.109565217391304
PSMC2,0.235384615384615,0.337944664031621
MAP2K2,0.287719298245614,0.259029927760578
LONP1,-0.370485036119711,0.137254901960784
SERPINF1,0.0823931623931624,-0.0973913043478261
DLST,0.127470355731225,0.0012987012987013
TAGLN2,-0.524786324786325,-0.109565217391304
SNCA,0.167863247863248,0.011304347826087
ATP6V1A,0.252631578947368,-0.145510835913313
HSPA9,0.334017094017094,0.403478260869565
COL18A1,-0.155844155844156,-0.226315789473684
DDOST,0.0415384615384615,-0.0968379446640316
GP5,0.281367521367521,-0.051304347826087
CCT6A,0.0331623931623932,-0.04
MPL,-0.0558441558441558,0.037593984962406
PSMB10,-0.407518796992481,-0.0421052631578947
STAT3,0.381880341880342,0.1
MDH1,0.296181630546956,-0.431372549019608
MDH2,0.314871794871795,0.0895652173913043
HADHA,0.0905982905982906,0.534782608695652
PMEL,0.0208547008547009,-0.233913043478261
EIF2S3,0.125470085470085,0.198260869565217
PTGDS,-0.0584615384615385,0.145217391304348
UBA7,-0.00395256916996048,-0.0962406015037594
PPP1R2,0.176623376623377,-0.292982456140351
CSK,-0.26974358974359,-0.132173913043478
ACTR1B,-0.00846153846153846,-0.197628458498024
STAT1,0.462337662337662,0.132467532467532
STAT5A,0.115652173913043,0.0513833992094862
PIK3CB,-0.257142857142857,0.0706766917293233
MTOR,0.0781954887218045,0.0245614035087719
PI4KA,0.143986448334274,0.180519480519481
EPS15,0.231538461538462,-0.174901185770751
CASP3,-0.0485036119711042,0.279411764705882
LRPPRC,-0.148503670242801,-0.0150375939849624
WAS,-0.160769230769231,0.229249011857707
HTT,0.48695652173913,0.115753811405985
ECE1,0.291623931623932,0.185217391304348
MCAM,-0.187008547008547,-0.00173913043478261
GRK6,0.027972027972028,-0.048951048951049
BTD,-0.155555555555556,0.163478260869565
GPD2,-0.137777777777778,0.322608695652174
PSMC4,0.0607692307692308,0.149209486166008
VDAC2,0.49,0.0256916996047431
ACADSB,0.0113519091847265,0.122549019607843
USP5,-0.0256410256410256,-0.175652173913043
CRKL,0.267532467532468,0.326315789473684
BAG6,-0.308695652173913,0.113636363636364
UTRN,0.226923076923077,-0.243083003952569
GYG1,-0.0294117647058824,-0.235714285714286
PLA2G4A,-0.276521739130435,-0.175607001693958
CAPZA2,-0.120683760683761,-0.26
CAPZB,0.16034188034188,0.119130434782609
UQCRFS1,0.306766917293233,0.0719298245614035
PIP4K2A,0.0188034188034188,0.028695652173913
ARCN1,0.168461538461538,-0.0533596837944664
LSS,0.195488721804511,0.236842105263158
GCLM,-0.413913043478261,-0.247882552230378
PSMD8,-0.280701754385965,0.292053663570691
CCT5,-0.107008547008547,-0.263478260869565
IDH2,-0.122051282051282,-0.113913043478261
PIK3CG,-0.071078431372549,0.367647058823529
MASP1,-0.0700854700854701,0.0226086956521739
MAPKAPK2,0.120271033314512,0.171428571428571
RPIA,-0.154150197628459,0.08300395256917
LMAN1,0.398245614035088,0.199174406604747
FASN,0.11042735042735,-0.0573913043478261
CCT3,0.16991452991453,0.28695652173913
TUFM,-0.171965811965812,-0.260869565217391
PPM1F,-0.134615384615385,0.195652173913043
DGKG,0.264705882352941,-0.110714285714286
MAN2A2,0.182307692307692,0.107707509881423
PSMB3,0.0283760683760684,0.326086956521739
PSMB2,0.107692307692308,0.163478260869565
THBS3,0.0769230769230769,-0.226086956521739
COMP,0.0376268869530518,0.0817391304347826
ACADVL,0.155384615384615,0.111660079051383
TMED10,-0.211623931623932,0.339130434782609
RGS19,-0.182806324110672,-0.202597402597403
NT5C2,-0.331578947368421,0.0959752321981424
CAMP,0.144387838890054,0.177391304347826
GNAQ,-0.0338461538461538,0.291501976284585
SULT1A1,-0.145614035087719,-0.0567595459236326
EMD,0.0543589743589744,0.0452173913043478
CPT1A,0.0661538461538462,0.174901185770751
SERPINB9,-0.475296442687747,-0.198701298701299
SERPINH1,0.141727837380011,0.131564088085827
ST13,0.133076923076923,-0.0652173913043478
VASP,-0.0447863247863248,0.498260869565217
DNM2,-0.181372549019608,0.0676470588235294
LRBA,-0.0803418803418803,-0.428695652173913
CCT8,0.0292307692307692,-0.274703557312253
CCT4,-0.0968379446640316,0.141558441558442
RAB5C,0.0652991452991453,-0.2
RAB7A,-0.161709401709402,-0.205217391304348
DUSP3,0.0559006211180124,-0.472727272727273
GALK1,0.191228070175439,0.232198142414861
SSR4,0.105217391304348,-0.398080180688876
BCAP31,0.139145299145299,-0.0895652173913043
P2RX1,0.278656126482213,0.0025974025974026
ALDH3A2,0.0917293233082707,-0.0712074303405573
HSD17B4,0.128888888888889,0.277391304347826
PSMD7,-0.112307692307692,-0.179841897233202
STAT5B,0.388695652173913,0.416149068322981
APLP1,-0.0138339920948617,0.148051948051948
RPS6KA3,-0.0756521739130435,-0.0400903444381705
LUM,0.204786324786325,0.0356521739130435
NDUFA8,-0.106719367588933,-0.314285714285714
PGD,0.0807692307692308,-0.028695652173913
RAP1GDS1,0.143076923076923,-0.212450592885376
HNRNPF,0.181818181818182,0.463157894736842
CAPZA1,-0.328547008547008,-0.0521739130434783
ACLY,0.248461538461538,0.0938735177865613
COPB1,-0.0115384615384615,0.125494071146245
COPA,0.354615384615385,0.243083003952569
CTSC,0.0272727272727273,-0.115789473684211
PTTG1IP,0.0661654135338346,-0.457172342621259
SMTN,-0.129230769230769,0.0839920948616601
SEC24C,0.071078431372549,-0.1
ATP1B3,0.261739130434783,0.489553924336533
AK2,0.0116883116883117,-0.267669172932331
NAPA,-0.024703557312253,-0.216261998870695
EIF5,0.00512820512820513,-0.3
DRG2,0.357843137254902,0.0294117647058824
PLTP,-0.0557264957264957,-0.352173913043478
VCP,0.192478632478632,0.08
MFAP4,0.287549407114625,-0.0467532467532468
HADHB,0.218461538461538,0.149209486166008
INHBC,0.0811951975268983,0.0401022085988157
MANF,0.0315789473684211,0.153766769865841
MTTP,0.0192982456140351,0.0147058823529412
NCKAP1L,0.122608695652174,-0.0344438170525127
NAP1L1,-0.145299145299145,-0.0547826086956522
CASP6,0.102167182662539,-0.191176470588235
CDH6,-0.220769230769231,0.0701581027667984
CDH13,-0.0912820512820513,0.204347826086957
CDH15,-0.102608695652174,0.41746124239071
NPEPPS,-0.0617391304347826,-0.216261998870695
OXCT1,0.0736842105263158,-0.372549019607843
EIF3B,-0.106923076923077,0.175889328063241
BID,0.0105263157894737,0.141382868937048
AP1S2,0.0150375939849624,0.168214654282766
EIF6,-0.430434782608696,-0.339356295878035
UBASH3A,-0.0519649264172149,0.0360902255639098
INHBE,0.117948717948718,0.15304347826087
ANTXR2,0.206086956521739,-0.140316205533597
TPI1,0.324615384615385,0.25197628458498
MYL6,0.0652991452991453,0.349565217391304
PSMA6,-0.151185770750988,-0.183116883116883
CDC42,-0.246495726495726,-0.0417391304347826
RAB8A,0.271597967250141,-0.043609022556391
RAB2A,0.131578947368421,0.0712074303405573
RAB5B,0.129565217391304,0.0118577075098814
RAB10,-0.290940170940171,0.31304347826087
CXCR4,-0.0339130434782609,0.0773574251835122
RAB14,0.242307692307692,0.126482213438735
ACTR3,0.120683760683761,0.000869565217391304
ACTR2,0.486495726495727,-0.02
ACTR1A,-0.126153846153846,-0.16798418972332
COPS2,0.0476923076923077,0.118577075098814
RAP1B,-0.00790513833992095,0.446640316205534
RAP2B,0.362307692307692,0.08300395256917
HSPE1,-0.071078431372549,-0.1
VBP1,0.0701298701298701,-0.00300751879699248
B2M,0.0276923076923077,-0.00956521739130435
COPZ1,-0.103571428571429,0.032967032967033
HNRNPK,-0.0976923076923077,-0.0612648221343874
YWHAG,-0.385982905982906,0.268695652173913
PPP1CA,-0.0876923076923077,0.398221343873518
PSMC1,-0.123846153846154,-0.100790513833992
PSMC5,0.0115384615384615,0.00988142292490119
UBE2H,0.24703557312253,0.0062111801242236
YWHAE,0.202735042735043,-0.120869565217391
PSMC6,0.0365811965811966,0.207826086956522
RAB1A,-0.0618803418803419,0.165217391304348
RAN,-0.0210526315789474,0.155830753353973
RAP1A,0.0837606837606838,0.138260869565217
PPIA,-0.360769230769231,-0.1699604743083
GRB2,-0.0646153846153846,0.0256916996047431
RAC1,0.163076923076923,0.128695652173913
AP2B1,-0.234188034188034,0.0756521739130435
YWHAZ,-0.165811965811966,-0.14
SEC11A,0.168214654282766,-0.259803921568627
TPM4,0.541880341880342,0.527826086956522
UBE2L3,-0.0154798761609907,0.294117647058824
ACTA1,-0.141196581196581,0.122608695652174
TUBA4A,0.0666666666666667,-0.145217391304348
TUBB4B,0.139145299145299,-0.028695652173913
HBB,0.182905982905983,-0.135652173913043
HBA1,0.170598290598291,-0.134782608695652
EIF4G2,0.223076923076923,-0.390316205533597
CCT2,0.0577777777777778,-0.235652173913043
GSTO1,-0.229401709401709,0.00521739130434783
RELN,-0.0523076923076923,-0.336521739130435
GPLD1,0.352478632478632,-0.303478260869565
NUCB2,0.137777777777778,-0.051304347826087
RHOG,-0.113076923076923,0.445652173913043
FBLN2,-0.325384615384615,-0.160079051383399
HSPG2,-0.148717948717949,-0.00260869565217391
ARHGAP4,-0.17,0.119565217391304
EFNB1,-0.329205366357069,0.218137254901961
ATP2C1,0.134782608695652,-0.075098814229249
CYCS,0.281818181818182,-0.147368421052632
MPP1,0.397692307692308,0.0187747035573123
SLC25A3,0.078974358974359,-0.347826086956522
HDLBP,-0.154150197628459,0.0597402597402597
CLTC,-0.0994871794871795,0.28695652173913
PLCB2,0.0662055335968379,0.0896103896103896
REEP5,0.16,0.214426877470356
SPTBN1,0.00581196581196581,-0.127826086956522
AMPD2,0.0684615384615385,0.041501976284585
CAP1,0.0673504273504273,-0.18
PFKP,-0.338119658119658,0.32
PLCB3,-0.257894736842105,-0.162022703818369
OGDH,0.226153846153846,0.0592885375494071
DSC2,-0.352766798418972,0.162337662337662
NUCB1,-0.216410256410256,-0.225217391304348
AKAP12,-0.0495726495726496,0.011304347826087
SLC25A11,-0.16699604743083,-0.197402597402597
TAP1,0,-0.607017543859649
CFHR1,0.204990815492937,-0.130434782608696
EIF4G1,0.317606837606838,0.242608695652174
HGFAC,-0.00307692307692308,0.28695652173913
PRKCQ,0.239130434782609,-0.0194805194805195
SSBP1,-0.366923076923077,0.0849802371541502
YWHAH,0.0256410256410256,-0.379130434782609
DNM1,0.17304347826087,0.0434782608695652
PTPN12,0.0105982905982906,0.179130434782609
PTK2,0.134782608695652,0.319028797289667
PRKCD,-0.0406015037593985,-0.264912280701754
CALD1,0.125470085470085,-0.20695652173913
COL14A1,-0.316821465428277,-0.532352941176471
ITIH3,-0.215726495726496,0.0660869565217391
PTPN11,-0.201538461538462,-0.0731225296442688
BTK,0.203478260869565,-0.287408243929983
PSME1,0.18,-0.339920948616601
APLP2,-0.00347826086956522,0.0491247882552231
FMOD,-0.0261538461538462,-0.0454545454545455
PRDX1,-0.37982905982906,-0.0339130434782609
C1QBP,-0.216410256410256,0.234782608695652
DPT,0.0705815923207228,0.267669172932331
BAX,0.122529644268775,0.138961038961039
KLC1,0.146086956521739,0.103331451157538
LRP1,-0.194529914529915,0.192173913043478
PCDH1,-0.176153846153846,-0.342885375494071
LGALS3BP,0.0707692307692308,0.217391304347826
FGL1,0.279465492571912,-0.280877441826999
APOBR,-0.229230769230769,-0.00494071146245059
SCRN3,-0.250434782608696,-0.0163749294184077
NEXN,0.0741880341880342,-0.238260869565217
GALNT1,-0.156390977443609,-0.36140350877193
SCRN1,0.121804511278196,0.119298245614035
ASPH,-0.210940170940171,-0.10695652173913
EFEMP1,0.106324786324786,-0.0747826086956522
ILF3,-0.170948616600791,-0.075098814229249
LMAN2,0.0784867306606437,0.204511278195489
PTPRJ,0.234871794871795,0.336521739130435
TRAP1,0.164313946922643,0.296240601503759
BNIP2,-0.206015037593985,0.191228070175439
STRN3,-0.221538461538462,-0.130434782608696
STK4,0.0133333333333333,-0.196521739130435
FLII,0.305299145299145,0.530434782608696
LCP2,-0.158974358974359,-0.0278260869565217
GPS1,0.187826086956522,0.229813664596273
USP4,0.00846153846153846,0.0266798418972332
PRKAA1,-0.325384615384615,0.158102766798419
PRDX4,0.12,-0.0286561264822134
STK3,-0.00692307692307692,-0.548418972332016
PSMD2,0.00307692307692308,-0.112648221343874
MMRN1,-0.0755555555555555,-0.138260869565217
G3BP1,-0.00692307692307692,-0.255928853754941
EIF3I,-0.196153846153846,-0.174901185770751
ILK,0.10017094017094,0.286086956521739
NNT,0.249230769230769,0.0408695652173913
MYO9B,-0.0556390977443609,0.042311661506708
ROCK1,0.203076923076923,-0.0770750988142293
MADCAM1,0.112478632478632,0.198260869565217
MTM1,-0.0790513833992095,0.224675324675325
SQSTM1,-0.195488721804511,-0.13312693498452
RIPK1,-0.288235294117647,-0.3
DCTN2,-0.201367521367521,-0.18695652173913
IQGAP2,0.011965811965812,-0.161739130434783
STIM1,0.143931623931624,0.257391304347826
RAB32,0.452173913043478,0.322416713721062
MOGS,-0.258046301524562,0.0103896103896104
ALCAM,-0.356581196581197,-0.0921739130434782
APOF,-0.332649572649573,-0.145257510117461
SPTAN1,-0.13,0.33498023715415
SNTB1,0.0382608695652174,-0.163184641445511
PRKG1,-0.153162055335968,0.257142857142857
CKAP5,0.0123076923076923,-0.0326086956521739
CAMK1,-0.197264957264957,0.051304347826087
NID2,0.0953846153846154,-0.154150197628459
DAG1,0.280701754385965,0.139318885448916
DSG2,-0.00717948717948718,-0.182608695652174
UBE4A,0.373517786561265,-0.0116883116883117
EIF3A,-0.0191304347826087,-0.260304912478826
ARHGEF7,-0.21155830753354,-0.0906862745098039
SCARF1,-0.164086687306502,-0.0269607843137255
MLEC,0.208888888888889,0.0408695652173913
TTLL12,0.0561538461538462,0.491106719367589
DCTN1,0.068034188034188,0.0860869565217391
DYNC1H1,-0.0730434782608696,0.29983060417843
CTTN,-0.213675213675214,0.120869565217391
FLOT2,0.363846153846154,-0.0938735177865613
TRIM25,0.225384615384615,0.550395256916996
FLNC,-0.0196078431372549,0.320588235294118
FKBP8,0.0859683794466403,-0.151948051948052
GNA13,0.0615384615384615,0.436758893280632
LRRC32,0.0571428571428571,0.170175438596491
GAS6,-0.556153846153846,0.00691699604743083
PDE3A,-0.0169230769230769,0.0138339920948617
SPARCL1,0.0564102564102564,-0.362608695652174
FAT1,0.00615384615384615,0.137351778656127
HABP2,0.132307692307692,0.338934190274076
ITPR2,-0.227692307692308,0.121541501976285
ITIH4,-0.0625641025641026,-0.12695652173913
ITPR1,0.0707692307692308,0.0756521739130435
RASA3,0.271538461538462,-0.206521739130435
CLINT1,0.155384615384615,0.153162055335968
GANAB,-0.0516239316239316,0.13304347826087
MVP,0.2128740824393,0.306766917293233
LTBP1,-0.0570940170940171,0.0347826086956522
LTBP2,-0.1,-0.0839920948616601
LASP1,0.028695652173913,-0.171089779785432
KPNB1,0.176752136752137,-0.422608695652174
SLMAP,-0.308695652173913,-0.101072840203275
GAPVD1,-0.24604743083004,-0.308865047995483
SPCS2,-0.0932330827067669,0.279669762641899
EMC2,0.16421568627451,0
PSMD6,-0.122549019607843,0.0686274509803922
RAB3GAP1,0.0284615384615385,0.177865612648221
ACAP2,-0.0896103896103896,0.16390977443609
POSTN,0.0454700854700855,-0.138260869565217
PDIA6,-0.172649572649573,-0.128695652173913
PDK1,0.139705882352941,0.00294117647058824
PLEC,0.133399209486166,0.490909090909091
PON3,-0.180854700854701,0.331304347826087
STK38,-0.280701754385965,-0.34984520123839
RABEP1,-0.0311688311688312,0.469172932330827
RCN1,-0.111538461538462,-0.379446640316206
TMED2,0.221908526256352,0.15974025974026
PCBP1,0.0430769230769231,0.128458498023715
PCBP2,-0.335294117647059,0.135714285714286
ANGPT1,0.345588235294118,0.538235294117647
RSU1,0.0290598290598291,0.271304347826087
PPP1R7,-0.343653250773994,0.368421052631579
SEC23A,0.0965217391304348,0.273715415019763
MAPRE2,0.00717948717948718,-0.178260869565217
TGFBI,0.272478632478632,-0.0495652173913043
TRIP10,0.338461538461539,0.214426877470356
MAPRE1,-0.0283760683760684,-0.293913043478261
NSDHL,-0.300395256916996,-0.351948051948052
MYLK,-0.27042735042735,0.031304347826087
CD226,-0.027008547008547,-0.0495652173913043
STXBP2,0.296410256410256,-0.114782608695652
ADIPOQ,0.416068376068376,0.174782608695652
ATP6AP1,0.0411764705882353,0.0607142857142857
ZYX,0.145982905982906,0.256521739130435
PSMD5,0.138461538461538,-0.0395256916996047
PKN1,-0.0434782608695652,-0.172727272727273
DDB1,0.336521739130435,0.182382834556748
MAPK14,0.0948616600790514,-0.0818746470920384
CDC37,-0.276679841897233,0.0298701298701299
DPYSL2,-0.162393162393162,-0.26
ECM1,0.102905982905983,-0.0539130434782609
DBN1,0.470769230769231,0.246086956521739
MAPKAPK3,0.0278260869565217,-0.413890457368718
DECR1,-0.0790513833992095,-0.176623376623377
MAN2A1,-0.332173913043478,-0.303359683794466
NDUFA5,0.0896103896103896,0.1
TST,0.101538461538462,-0.408102766798419
NDUFA9,-0.253846153846154,-0.400197628458498
RTN1,0.301880341880342,-0.232173913043478
MEP1B,0.240185036840392,0.131523770914231
HADH,0.0913043478260869,-0.274985883681536
UGP2,0.0994871794871795,-0.233913043478261
TXNRD1,0.152631578947368,-0.240454076367389
IMMT,0.0576923076923077,0.0207509881422925
EXOC3L4,0.012987012987013,-0.239097744360902
INF2,0.138461538461538,0.0373913043478261
EXOC3L2,0.365330321852061,0.333834586466165
DPY19L1,0.15187969924812,0.321052631578947
LRRFIP1,0.443675889328063,0.179220779220779
EML3,-0.188029361942405,-0.269172932330827
RABL6,0.444117647058824,0.408823529411765
GTDC1,0.4,0.114285714285714
ANO6,0.344957264957265,0.193913043478261
SVEP1,0.0878632478632479,-0.0939130434782609
GRIPAP1,0.333846153846154,-0.121541501976285
HSD17B12,0.0253846153846154,-0.240118577075099
HS1BP3,0.0973913043478261,0.221908526256352
ACTBL2,0.306666666666667,0.222246979297275
MIA3,0.298701298701299,-0.142857142857143
WDR44,0.0413675213675214,0.00434782608695652
DOCK11,0.187719298245614,0.110423116615067
SPECC1,-0.174782608695652,0.208356860530774
LY6G6F,0.12165938831096,0.0687862495940734
CEP170,0.147826086956522,0.000564652738565782
LDLRAP1,0.380451127819549,-0.105263157894737
FNBP1L,-0.206923076923077,-0.24901185770751
FKBP15,0.255652173913043,0.466967814793902
MPP7,-0.108823529411765,0.3
HECTD3,-0.118632478632479,-0.128695652173913
UBR4,0.113846153846154,0.311264822134387
STXBP5,0.213622291021672,0
SH3PXD2A,0.178947368421053,-0.155830753353973
KANK2,0.0647058823529412,0.421428571428571
TBC1D9B,0.157114624505929,-0.0412196499153021
MAP1S,0.0815273477812178,0.117647058823529
RAP1GAP2,0.182806324110672,0.0103896103896104
DENND2C,-0.109774436090226,0.0842105263157895
ATL3,0.0761538461538462,0.0405138339920949
DMKN,-0.0492254556298772,0.221739130434783
VASN,-0.162393162393162,-0.382608695652174
LAMTOR1,-0.338961038961039,-0.0120300751879699
DHRS7B,-0.196640316205534,-0.372727272727273
TWF2,-0.0412196499153021,0.061038961038961
HIBCH,-0.203302373581011,-0.30030959752322
SLC27A4,0.153766769865841,0.149509803921569
EDC4,0.273529411764706,0.0764705882352941
SCYL2,-0.117264957264957,0.437391304347826
TTC27,-0.154615384615385,0.281620553359684
TUBA3E,0.509851709648128,0.219455086787836
CNST,0.0207692307692308,0.41304347826087
TMED8,0.0324786324786325,0.04
APOA5,-0.166933677234201,-0.033980982905824
CSPG4,0.0441025641025641,-0.115652173913043
SUSD1,0.168421052631579,-0.18421052631579
PLXDC2,-0.052991452991453,0.068695652173913
PI16,-0.293675213675214,0.277391304347826
APOOL,0.107848673066064,-0.0917293233082707
FAT4,0.354529914529914,0.0991304347826087
PACS1,-0.0837606837606838,0.202608695652174
MPRIP,-0.405985319028797,-0.203007518796993
CD109,-0.246495726495726,-0.338260869565217
NBEAL2,0.263846153846154,0.145256916996047
QSOX2,0.198245614035088,-0.134803921568627
TOM1L2,0.527826086956522,0.130434782608696
VPS13C,0.148695652173913,0.55957086391869
UNC13D,-0.16034188034188,-0.0495652173913043
TUBA1A,0.0611965811965812,0.0165217391304348
ADAMTS13,-0.0502564102564103,-0.317391304347826
SND1,-0.133766233766234,-0.278195488721805
LRRC8D,0.329192546583851,0.227272727272727
CYFIP1,0.122051282051282,0.280869565217391
DOK3,-0.0815384615384616,0.461462450592885
COPS6,-0.16,-0.290513833992095
TAOK1,-0.0692307692307692,-0.0286561264822134
RASGRP2,-0.0782905982905983,-0.463478260869565
CHST3,-0.251965811965812,-0.241739130434783
ZC3HAV1,-0.0315384615384615,0.149209486166008
MAVS,0.288205128205128,-0.0704347826086957
CLASP1,-0.484210526315789,0.378947368421053
HUWE1,-0.0361538461538462,0.244071146245059
ABI3BP,-0.199316239316239,-0.391304347826087
TMED4,0.0452173913043478,0.41501976284585
ADAMTSL2,0.251965811965812,0.0278260869565217
MTDH,-0.180830039525692,0.261434217955957
RTN4RL2,0.0926495726495726,0.0130434782608696
KTN1,0.0412196499153021,0.428571428571429
NLRX1,0.196923076923077,-0.239130434782609
FERMT3,0.120683760683761,0.0295652173913043
CAND1,-0.0064957264957265,0.129565217391304
HOOK3,0.250877192982456,0.247549019607843
PKHD1L1,0.0701334409809466,-0.142204830498023
STX12,-0.276691729323308,0.203007518796993
TREML1,-0.152746846637455,-0.120869565217391
CRLF3,0.513269339356296,0.109774436090226
PLXDC1,-0.21025641025641,-0.304347826086957
SLC9A9,0.564935064935065,0.489473684210526
KSR1,-0.385657820440429,0.508270676691729
SLC44A2,0.278373800112931,-0.0646616541353384
PNPLA6,-0.0108695652173913,0.41038961038961
CMIP,0.231538461538462,0.245059288537549
MICALL2,-0.101754385964912,-0.0319917440660475
DIS3L2,-0.0573913043478261,-0.00395256916996048
GSPT2,-0.147368421052632,-0.262254901960784
ALDH16A1,0.0307692307692308,0.161067193675889
ABI1,0.237606837606838,0.266086956521739
VKORC1L1,0.0416666666666667,-0.314705882352941
LRRC47,-0.0991304347826087,-0.2343308865048
LTBP4,0.0894736842105263,-0.424148606811146
MUC20,0.113495200451722,-0.225563909774436
ARHGAP18,-0.0784615384615385,-0.235177865612648
EHBP1L1,0.0909090909090909,0.0532467532467532
MINK1,-0.383478260869565,0.288537549407115
MYCT1,-0.119130434782609,-0.0175042348955392
ARFGAP1,-0.0592307692307692,-0.0395256916996047
EMC1,0.273684210526316,0.207430340557276
TC2N,0.228717948717949,0.200869565217391
NHLRC2,0,-0.0662055335968379
GOLM1,-0.0201709401709402,0.0147826086956522
PCYOX1L,-0.367588932806324,0.427067669172932
PCSK9,0.137294504460463,-0.25240415328995
TXNDC5,-0.150769230769231,-0.338932806324111
SCCPDH,-0.0062111801242236,0.0506493506493507
UXS1,-0.292207792207792,-0.419298245614035
FAM98A,0.0117647058823529,-0.15
CCNY,-0.00608695652173913,0.2343308865048
ABCF1,0.00350877192982456,-0.0134158926728586
MCU,-0.065982905982906,-0.130434782608696
APPL2,-0.128205128205128,0.00434782608695652
VPS37A,0.158260869565217,0.214003387916431
DOCK8,0.180701754385965,-0.0712074303405573
REPS2,0.248051948051948,0.271929824561404
TOR1AIP2,-0.00615384615384615,0.572134387351779
TRIM58,0.354615384615385,-0.0424901185770751
ANGPTL6,0.044402908415289,-0.301739130434783
TBC1D15,0.425217391304348,-0.0378317334839074
RDH11,-0.0153846153846154,-0.0252173913043478
STT3B,-0.0284615384615385,0.301383399209486
NEK9,-0.178853754940711,-0.292207792207792
PLEKHO2,-0.0692307692307692,-0.293478260869565
BPIFB1,0.268473118839987,-0.0161476128496087
MICAL1,-0.248695652173913,-0.0513833992094862
SNED1,-0.141538461538462,-0.186758893280632
PARD3,-0.201754385964912,0.0882352941176471
UBASH3B,0.117391304347826,-0.113495200451722
TSKU,-0.0725274725274725,0.351648351648352
RAB2B,0.0154798761609907,0.193627450980392
PDCD6IP,0.0469230769230769,-0.233201581027668
BRK1,-0.469226425748165,-0.0532467532467532
SCFD1,-0.00909090909090909,-0.0451127819548872
ITLN1,0,0.264838551900211
TMEM40,0.0476923076923077,-0.142821847700864
SLC44A1,0.0830769230769231,-0.0269565217391304
OIT3,0.133391851367019,-0.232198142414861
STON2,-0.461654135338346,-0.318885448916409
ATL1,-0.241106719367589,0.237593984962406
MADD,0.331451157538114,-0.0315789473684211
ST8SIA4,-0.11,0.0553359683794466
PSMF1,-0.338235294117647,0.288235294117647
ELMO1,-0.26140350877193,-0.263157894736842
WASF1,0.170175438596491,0.166150670794634
HSPH1,0.109230769230769,-0.325098814229249
MYO18A,0.201538461538462,0.33695652173913
SORL1,0.148051948051948,0.110526315789474
ARPC1A,-0.105392156862745,-0.139705882352941
GGH,-0.224308300395257,-0.0662337662337662
NRCAM,-0.321428571428571,0.17032967032967
INPP5D,-0.127272727272727,0.332330827067669
NEO1,0.186324786324786,0.252173913043478
OSTF1,-0.406495726495726,-0.175652173913043
COPS5,0.0967521367521367,0.207826086956522
PRG4,0.0488888888888889,-0.0826086956521739
TNPO1,0.130434782608696,-0.284020327498588
ARHGEF2,0.120271033314512,-0.111278195488722
USP9X,-0.147368421052632,-0.105263157894737
USP7,0.0391304347826087,0.149632975719932
CUL5,-0.065015479876161,0.470588235294118
ATP6V0A1,-0.245217391304348,-0.0741106719367589
LPP,0.29982905982906,-0.00347826086956522
ATP2A3,0.2,-0.0669565217391304
WBP2,0.232467532467532,0.485964912280702
NCLN,-0.0147826086956522,-0.385657820440429
RILPL2,-0.0965556182947488,-0.0646616541353384
TMBIM1,0.088695652173913,0.40033879164314
ERGIC1,0.512280701754386,0.277605779153767
FAM162A,0.189565217391304,-0.241106719367589
SYAP1,0.0988034188034188,-0.363478260869565
EXOC4,-0.409090909090909,-0.133766233766234
LRRC59,0.0112820512820513,0.301739130434783
ESAM,0.0892307692307692,0.0713043478260869
RAB37,-0.294466403162055,-0.167532467532468
ARL8A,-0.0992307692307692,-0.196640316205534
DOCK10,0.0584415584415584,0.0807017543859649
SYTL4,-0.0276923076923077,0.243478260869565
FAF2,-0.0721804511278195,0.557894736842105
OPTN,0.174019607843137,-0.0970588235294118
AP2M1,0.175607001693958,-0.190909090909091
CMTM5,0.304437564499484,0.154411764705882
RAB3C,-0.105055640468195,-0.0781954887218045
CCDC126,0.02,-0.0683229813664597
CYFIP2,0.376470588235294,-0.532352941176471
SIPA1,-0.142857142857143,0.250877192982456
CERS2,-0.0931372549019608,0.264705882352941
PDLIM5,0.184273504273504,0.160869565217391
FUBP3,0.27141382868937,0.256965944272446
TXNDC15,-0.132307692307692,0.0165217391304348
DCHS1,0.325980392156863,-0.239285714285714
USP47,-0.206923076923077,-0.313241106719368
CNDP1,-0.00787672387632772,0.0721739130434783
EXOC2,0.157114624505929,0.253246753246753
FGD4,-0.314035087719298,0.0526315789473684
ARAP1,0.0345299145299145,0.10695652173913
IPO9,0.283596837944664,-0.106493506493506
PGLYRP2,0.0554700196225229,-0.0323147185872947
VPS35,-0.110671936758893,0.114624505928854
F2RL3,-0.0180451127819549,-0.0964912280701754
VPS13A,-0.284347826086957,0.209486166007905
PPP1R9B,-0.147233201581028,0.314511575381141
RUFY1,0.451948051948052,-0.147368421052632
MMS19,0.56656346749226,0.264705882352941
CYTH2,0.312781954887218,0.359649122807018
TBCB,0.128458498023715,0.174025974025974
CNN2,-0.00581196581196581,-0.124347826086957
SEC62,-0.223478260869565,0.233201581027668
PSMD1,-0.0423489553924337,-0.0541353383458647
PFDN5,-0.219130434782609,-0.171089779785432
GAS2L1,0.126153846153846,0.099802371541502
MMP19,-0.103589743589744,-0.271304347826087
TSNAX,0.239285714285714,-0.0681318681318681
PHB2,0.014017094017094,-0.220869565217391
COPS8,-0.408461538461539,0.316205533596838
MAP3K5,-0.348872180451128,0.304437564499484
MGLL,-0.014017094017094,0.031304347826087
DOK1,0.0223076923076923,-0.105731225296443
HSD17B10,0.0889328063241107,-0.1914172783738
COL12A1,-0.0484615384615385,-0.296442687747036
NAP1L4,0.228034188034188,0.496521739130435
NAPG,0.352907961603614,-0.0896103896103896
ACO2,0.185217391304348,-0.0886504799548278
TSG101,-0.0175042348955392,-0.0360902255639098
CPNE1,0.106295149638803,0.452941176470588
CCT7,-0.0434782608695652,-0.0233766233766234
SH3GL1,0.037593984962406,-0.0511278195488722
OMD,0.0297435897435897,-0.169565217391304
CORO1B,0.0516239316239316,-0.13304347826087
SDF4,-0.330434782608696,-0.112365894974591
ERP44,0.0707692307692308,0.16
TUBGCP2,-0.13859649122807,-0.105392156862745
ESYT1,0.105641025641026,0.134782608695652
COPS4,0.116153846153846,0.0227272727272727
TMEM43,0.132173913043478,0.256916996047431
TUBB6,-0.273846153846154,-0.0904347826086956
PDCD10,-0.0535714285714286,0.481318681318681
VAMP8,0.251270468661773,0.0225563909774436
TMED9,0.13304347826087,-0.258046301524562
SFXN3,0.164615384615385,0.0790513833992095
COLEC11,0.0687179487179487,-0.465217391304348
GTPBP2,0.00494071146245059,-0.0423489553924337
JAM3,0.417956656346749,0.0411764705882353
HINT2,0.0792207792207792,-0.317543859649123
C1QTNF3,0.0871794871794872,-0.261739130434783
ASPN,-0.0502564102564103,-0.357391304347826
AP1M1,-0.137210615471485,-0.275187969924812
EMILIN2,-0.0465686274509804,-0.273529411764706
CHMP4A,0.132173913043478,0.17673630717109
CDHR2,0.0817391304347826,-0.339356295878035
PITPNM2,0.517857142857143,-0.0197802197802198
UACA,-0.0741106719367589,0.110107284020328
PPP1R12C,-0.207792207792208,0.23609022556391
UBE2O,0.120683760683761,-0.0765217391304348
TTYH3,-0.126086956521739,-0.0446075663466968
MTMR12,0.065015479876161,0.107843137254902
TWSG1,0.506707946336429,-0.27141382868937
MFF,-0.0421052631578947,-0.205263157894737
UBA5,-0.138260869565217,-0.113495200451722
TOLLIP,0.206521739130435,-0.516883116883117
HDHD2,-0.0406015037593985,-0.0491228070175439
RAB1B,-0.221880341880342,-0.0860869565217391
CDH19,0.58695652173913,-0.0434782608695652
CDH23,0.088695652173913,0.012987012987013
VPS33B,-0.0617647058823529,0.121428571428571
VPS11,0.338235294117647,-0.211764705882353
SH3BGRL3,0.0646153846153846,0.288537549407115
SLK,0.173076923076923,-0.0158102766798419
TAOK3,0.181818181818182,-0.122077922077922
PPA2,0.22406015037594,0.0897832817337461
TMX1,-0.100790513833992,-0.135064935064935
UNC45A,-0.0215384615384615,-0.0494071146245059
C1orf198,-0.0649122807017544,-0.359649122807018
CHMP4B,-0.0902255639097744,0.366666666666667
RWDD1,0.508823529411765,0.503571428571429
FN3K,0.0452173913043478,0.158102766798419
DPEP2,0.222564102564103,0.00347826086956522
TUBB1,-0.177435897435897,0.0547826086956522
GLIPR2,0.00869565217391304,0.244494635798984
EHD1,0.284786324786325,-0.293913043478261
SLA2,-0.316770186335404,-0.0315789473684211
ANTXR1,-0.0452173913043478,-0.0626764539808018
DOCK5,-0.162337662337662,-0.112781954887218
PPP1R3E,-0.0591304347826087,0.278373800112931
MANSC1,0.117692307692308,-0.231225296442688
PLEKHF2,-0.280701754385965,0.0416666666666667
PSTPIP2,0.0782608695652174,-0.0536420101637493
SFXN1,-0.0154798761609907,-0.0343137254901961
VPS37B,-0.248051948051948,0.263157894736842
COPS7B,0.161538461538462,0.024703557312253
CDHR5,0.0629514963880289,0.455882352941176
RDH14,-0.18017094017094,-0.211304347826087
PARVB,0.204786324786325,0.0173913043478261
TNS1,0.250769230769231,-0.207509881422925
EML4,-0.132411067193676,0.0220779220779221
PCDH18,0.391452991452991,-0.0617391304347826
PLXNA4,-0.27,0.0426086956521739
GP6,0.333333333333333,-0.195652173913043
CD248,-0.16,-0.537549407114625
APMAP,0.132307692307692,0.0504347826086957
ABCB6,-0.241176470588235,-0.0892857142857143
PCDH12,-0.0502564102564103,0.165217391304348
CASS4,0.216410256410256,0.156521739130435
CRTAC1,-0.136410256410256,0.149565217391304
RTN4,-0.0981196581196581,0.0669565217391304
KIF13B,0.27304347826087,0.356719367588933
XPNPEP1,-0.0683229813664597,-0.338345864661654
PDLIM7,-0.0454700854700855,0.12
DIABLO,0.232072275550537,0.165413533834586
SAR1A,0.0915384615384615,-0.110671936758893
MXRA5,-0.235384615384615,0.0573122529644269
STRN4,0.0739695087521175,0.195488721804511
CDC42SE2,-0.156862745098039,-0.0382352941176471
RAB6B,-0.130769230769231,-0.0108695652173913
VPS45,-0.102608695652174,-0.166572557876906
FAM114A2,-0.0946153846153846,-0.101778656126482
RGS18,0.0889328063241107,-0.205194805194805
THSD1,-0.12987012987013,-0.00526315789473684
FARSB,-0.176470588235294,0.169117647058824
IARS2,0.297744360902256,-0.407017543859649
ATG3,-0.433333333333333,0.0773993808049536
SACM1L,-0.223247863247863,0.402608695652174
EXOC1,-0.00515995872033024,0.325980392156863
TMEM30A,-0.168831168831169,0.0824561403508772
FGFR1OP2,0.217647058823529,0.464705882352941
OCIAD1,-0.302373581011352,-0.416666666666667
CMTM6,-0.162055335968379,-0.103331451157538
TOR4A,-0.223846153846154,0.234189723320158
NDE1,0.340686274509804,-0.135714285714286
TUBA8,0.216410256410256,0.12695652173913
B3GNT2,-0.00444444444444444,-0.168695652173913
TAB2,0.274985883681536,0.147368421052632
TMOD3,-0.0153846153846154,0.028695652173913
CELSR1,-0.335087719298246,0.0563725490196079
UGGT1,0.154871794871795,0.0939130434782609
FAM120A,0.270676691729323,0.0571428571428571
EHD3,0.42017094017094,-0.107826086956522
ARHGEF12,-0.0513833992094862,0.153246753246753
C1RL,-0.241709401709402,0.189565217391304
NCKIPSD,0.00376068376068376,-0.171304347826087
NDUFA13,-0.273684210526316,-0.124871001031992
VAPA,-0.0823931623931624,-0.0817391304347826
GMIP,-0.213235294117647,-0.0794117647058824
CALCOCO1,-0.576153846153846,-0.272727272727273
SLAIN2,0.141196581196581,-0.051304347826087
RRBP1,0.131578947368421,0.426470588235294
EPS15L1,0.0426086956521739,-0.0344438170525127
COPG2,-0.179220779220779,-0.583458646616541
DKK3,-0.166086956521739,-0.186900056465274
VPS29,-0.169117647058824,0.260714285714286
BIN2,0.386666666666667,0.3
FBLN5,-0.096068376068376,-0.419130434782609
CLIP2,0.127272727272727,0.326315789473684
TJP2,-0.00307692307692308,-0.00521739130434783
VTI1B,0.199174406604747,-0.186274509803922
ADD3,0.237154150197628,0.0701298701298701
NIPSNAP3A,0.0491228070175439,0.0381836945304438
LIMD1,-0.0357142857142857,-0.437362637362637
ARMCX3,-0.292982456140351,0.18266253869969
LIMA1,0.0823076923076923,-0.0444664031620553
PCYOX1,-0.0632411067193676,0.217391304347826
CYB5R1,0.144615384615385,-0.0286561264822134
NRBP1,0.304615384615385,0.196640316205534
NDUFA12,0.323529411764706,-0.120588235294118
EIF2B4,0.190909090909091,0.138345864661654
ATP6V1H,0.331578947368421,0.0918472652218782
CD84,0.177443609022556,0.22280701754386
AK3,0.256140350877193,0.32843137254902
DBNL,-0.200769230769231,-0.267786561264822
DCTN4,-0.403508771929825,0.0637254901960784
STOML2,0.0721739130434783,-0.0536420101637493
SERPINA10,-0.0071917913653427,-0.12979051279425
TNIK,-0.133675213675214,-0.132173913043478
APPL1,0.521174477696217,0.369924812030075
PSME2,0.238848108413326,0.0165413533834586
ACSL5,-0.183458646616541,0.0567595459236326
ASAP1,-0.148461538461538,0.0375494071146245
HEG1,0.262222222222222,0.106086956521739
STRIP2,-0.379220779220779,0.280701754385965
CORO1C,0.127521367521368,0.393913043478261
VPS4A,-0.491228070175439,-0.0897832817337461
PACSIN2,0.0817094017094017,0.0652173913043478
MAGED2,0.134387351778656,-0.0337662337662338
SNX6,0.386086956521739,-0.168831168831169
PSMD13,-0.124505928853755,-0.242857142857143
FAF1,-0.0939130434782609,0.25395256916996
COPS3,0.0661538461538462,0.0820158102766798
MINPP1,-0.136363636363636,0.224675324675325
NSFL1C,-0.267786561264822,-0.160926030491248
ADAMTS8,0.00451127819548872,-0.0588235294117647
MACF1,-0.232307692307692,0.529644268774704
PPP6R1,0.202597402597403,-0.0661654135338346
EXOC7,0.360165118679051,-0.0323529411764706
USP24,0.377922077922078,-0.0807017543859649
TRPC6,0.275324675324675,0.103508771929825
RUVBL2,0.240350877192982,-0.00980392156862745
CLEC11A,-0.0692307692307692,-0.339920948616601
HPSE,0.595897435897436,0.0704347826086957
EIF3L,-0.0546153846153846,0.230237154150198
RUVBL1,0.273913043478261,-0.195934500282326
NUDC,-0.458441558441558,0.196491228070175
ST3GAL6,0.0339130434782609,0.134952004517222
VDAC3,-0.187008547008547,0.0304347826086957
VSIG4,-0.0361197110423117,-0.193627450980392
ITM2B,0.102941176470588,-0.00882352941176471
NCKAP1,0.0561538461538462,-0.0780632411067194
CNPY2,-0.137692307692308,-0.271739130434783
EXOC6B,-0.371929824561404,0.3890608875129
ATP11B,0.379411764705882,0.6
FRMD4B,0.464426877470356,0.0168831168831169
ATP8A1,0.210434782608696,-0.113495200451722
GSTK1,0.333846153846154,-0.220355731225296
GIT1,-0.182307692307692,0.102766798418972
DERA,-0.248695652173913,0.195652173913043
LSM2,-0.0134158926728586,-0.308823529411765
SH3GLB1,0.340769230769231,0
UBE2J1,0.320869565217391,0.1699604743083
DHRS7,-0.146245059288538,0.0255639097744361
TMED7,0.031055900621118,0.1
RNF11,-0.165413533834586,-0.335087719298246
UFC1,0.151702786377709,0.115196078431373
PTRH2,0.25,-0.00588235294117647
STRAP,0.130940170940171,0.373913043478261
RABGAP1,0.205263157894737,-0.131062951496388
HBS1L,-0.473684210526316,-0.149509803921569
PRKAB1,-0.10446075663467,0.0526315789473684
TLN1,0.391452991452991,0.246086956521739
DAAM1,-0.395652173913043,0.149632975719932
USP15,0.181538461538462,0.00197628458498024
TLN2,-0.201581027667984,-0.125974025974026
MYO5A,0.135384615384615,0.139328063241107
HYOU1,0.132307692307692,-0.125217391304348
CD2AP,-0.0515384615384615,0.223320158102767
SRPRB,-0.0591304347826087,0.313382269904009
CDC42BPB,-0.100769230769231,0.107707509881423
SNX9,-0.0909090909090909,0.308771929824562
LRRFIP2,-0.18017094017094,-0.0721739130434783
FHOD1,-0.0981196581196581,0.0547826086956522
F11R,-0.256153846153846,0.0128458498023715
COPG1,0.115213675213675,0.145217391304348
EMILIN1,0.446153846153846,0.446086956521739
MTCH2,0.0923076923076923,0.0316205533596838
ARFGEF1,0.114782608695652,0.0909090909090909
STK24,-0.117948717948718,-0.103478260869565
DYNC1LI1,-0.128176171654433,0.0526315789473684
TEX264,0.0493506493506493,-0.341353383458647
CEPT1,-0.270175438596491,-0.180598555211558
IKBKG,0.285714285714286,-0.0403508771929825
FCGBP,-0.366837606837607,-0.0408695652173913
WASF2,-0.3,0.252747252747253
SEC23IP,-0.237718802936194,-0.180519480519481
COLEC10,-0.0666666666666667,0.252234825361762
