Genes,est_ep,q_ep,est_se,q_se
A1BG,0.250256616361698,0.47171455447738,-0.00141923076923075,0.991977085134389
ABRAXAS2,-0.0792185006275877,0.775311534117363,-0.128838461538462,0.655830321130839
ACADM,-0.18331481550718,0.324515200959946,-0.152311538461538,0.568405053385556
ACADSB,0.243264470901235,0.153260965495906,-0.206707692307693,0.498135206528166
ACAN,0.288811191351561,0.14247738950773,-0.046103846153846,0.332050887842431
ACTN4,-0.242201134714537,0.0161201040585561,-0.0614346153846151,0.80369277005561
ADAMTS13,0.275294310791778,0.0408605071825396,-0.123619230769231,0.0145406687901794
ADAMTS8,0.549271668030731,0.110254644073677,-0.00480384615384604,0.9901260053216
ADAMTSL2,0.313070689446315,0.0822070388278004,0.00662692307692304,0.978629782474452
ADD1,-0.107844214601192,0.331684004161402,0.0467423076923068,0.900835851877962
ADGRF5,0.371360103469629,0.0341153376261279,0.0594538461538457,0.555210769570467
AFM,0.379489420675128,0.435818014099339,-0.0481307692307691,0.576282965250022
AGRN,0.202188009376846,0.266995471764712,-0.0443230769230768,0.675993500935364
AGT,0.278290311228057,0.0288318291732275,0.0485769230769227,0.429889850293386
AHCY,-0.241802363245084,0.0634765333940964,-0.0275846153846145,0.937303105471315
AHSG,0.319932236310397,0.506577674863857,0.0250346153846154,0.838685041977087
AIFM1,-0.193116604631097,0.0167101066695434,-0.149065384615384,0.655830321130839
AK2,-0.0549786377267776,0.744219797991414,-0.153157692307692,0.707819985599655
AKAP12,0.561485885337332,0.01633457848064,0.0159461538461537,0.927221241258597
ALCAM,0.342499015525856,0.122595572779218,-0.0230499999999999,0.671092325801322
AMBP,0.141831160618377,0.477006284674888,-0.0762653846153847,0.144566250881062
ANGPT1,0.115914833870549,0.351434421450015,0.00302692307692627,0.986167097431089
ANPEP,0.335451021264935,0.315770649383088,-0.0643653846153846,0.178050135223744
AP2B1,0.0130794319751528,0.937952575049008,0.139426923076923,0.727230130669694
AP3B1,0.0692452850941534,0.642224373649537,0.0805846153846153,0.798701947695096
APCS,0.01258969254659,0.949345940878553,-0.0366615384615382,0.74051179543019
APLP1,0.801805066100535,0.0201679506366785,0.0831192307692308,0.48481676450588
APOA1,0.113698741685082,0.0956952339154999,0.000784615384615384,0.999616497242442
APOA2,0.392460421980518,0.0408605071825396,0.118796153846152,0.762003527032385
APOA4,0.316101489439169,0.0517097892430426,0.0400923076923077,0.82353190212283
APOB,0.140492959735859,0.27992106200797,0.116026923076923,0.593856730084794
APOBR,0.36982911796159,0.018774921528463,0.0246384615384616,0.796703757523892
APOC1,0.386475124989776,0.118645522421439,-0.0217269230769235,0.86057719800065
APOD,0.605839576142732,0.0160685360952871,0.0350115384615384,0.784347574736749
APOE,0.15602364166687,0.164117665441389,-0.0276192307692308,0.909594048632095
APOF,0.0812207855093317,0.698897233603821,-0.058396153846154,0.74051179543019
APOH,0.266588585819046,0.423169514626163,-0.0653115384615383,0.655830321130839
APOL1,0.273876543800945,0.454171091725243,-0.0913269230769214,0.639696734650839
APOM,0.283450561631933,0.226084585343282,0.00819230769230759,0.946248364487087
APP,-0.128937854611251,0.418899443916715,-0.00223846153846097,0.995983106552402
APPL2,-0.190060761081816,0.254601978914303,-0.238003846153846,0.0914264220075128
ARHGAP45,-0.0973729666710944,0.371635638325369,0.00543846153846198,0.98165592881809
ARHGEF12,-0.200638558228094,0.295250661341945,-0.373753846153846,4.58682734864046e-05
ASPN,0.493601415477774,0.0055883506230472,-0.0671000000000002,0.671092325801322
ATP1B3,-0.0892479634993449,0.483040047110219,-0.0961961538461525,0.68904857427914
ATP5PO,-0.110168671376962,0.42853581064915,0.180573076923077,0.708451743338848
ATP6AP2,0.229531786115372,0.198557689037756,0.00786923076923115,0.9877287018047
ATRN,0.424146897870854,0.185320413862917,-0.00100384615384612,0.994957609689802
AXL,0.165226801235842,0.326182955729431,-0.023196153846154,0.812604501677811
B2M,-0.102082764348304,0.682873545267904,0.120819230769231,0.707819985599655
BAG6,-0.0722870851522865,0.556109194095639,0.0119230769230767,0.945372868201586
BAX,-0.113990371538949,0.472456425842375,0.267261538461538,0.262318645893843
BCR,-0.0144577561795304,0.934072215514381,0.00735384615384599,0.967340663353679
BGN,0.302017139294347,0.271960609618765,0.0675999999999996,0.758179413845161
BIN2,-0.211046513597301,0.271970070100144,-0.122476923076923,0.791889373673481
BNIP2,-0.113366499208866,0.483035423212922,-0.015988461538462,0.9877287018047
BPIFB1,0.376361267476207,0.072725208548654,0.150111538461539,0.313544330337952
BRK1,-0.0759502666139582,0.685460498596016,-0.00675769230769213,0.9877287018047
BSG,0.0801620183288253,0.487965328948086,0.00413076923076922,0.956250097577454
BTD,0.522785699252047,0.0517097892430426,-0.0752576923076926,0.128486112706427
C1QA,0.143277371918578,0.743896440408678,-0.0955846153846153,0.118165828159307
C1QBP,-0.0258476232989825,0.922156664718534,0.0272846153846161,0.948725514225062
C1R,0.324885136232415,0.164110608581169,-0.00733076923076923,0.932342541762732
C1RL,-0.0171373610259156,0.947833559402364,0.078796153846154,0.397043597841212
C1S,0.0151249280760985,0.904641869915739,-0.113326923076923,0.75420956660782
C2,0.449494433905147,0.185320413862917,-0.00148461538461514,0.991818929095392
C2CD2L,-0.0610715419305354,0.68690737605074,-0.0480384615384611,0.859279368708756
C3,0.178535237349959,0.238435455727186,-0.0297884615384606,0.771579980556782
C4BPB,0.280197193138465,0.423849069650178,0.0253076923076922,0.861836120523205
C5,0.208878802442608,0.447571872616141,-0.0619615384615386,0.582160916683428
C7,0.552338850666284,0.0828922682768763,0.000476923076923078,0.999616497242442
C8B,0.33464739017672,0.153260965495906,-0.0352500000000002,0.862251222635849
C9,-0.0703633194243083,0.467560973949144,0.162673076923077,0.74051179543019
CALCOCO1,-0.2012239353604,0.118776089707397,-0.107796153846154,0.489022944363361
CASP3,-0.16805071881548,0.490841537962637,-0.0543923076923074,0.707819985599655
CAT,0.157143713514185,0.188974803292354,-0.0299461538461543,0.902152676350938
CCS,-0.11390986953962,0.533188951455075,0.106830769230771,0.655830321130839
CCT5,-0.207705305913113,0.157228748003735,-0.143388461538462,0.183413509259232
CD109,0.180707033885041,0.202134754388736,0.0292576923076923,0.77008112938986
CD14,0.281184484819125,0.172448395817832,0.0508576923076923,0.770916347220821
CD226,-0.14130110101882,0.254258061394722,0.0471807692307714,0.7433857626248
CD248,0.582406392232213,0.163308707298701,0.0822538461538461,0.425256318812983
CD2AP,-0.0438133461432983,0.846515281105253,-0.0190499999999992,0.961819496255815
CD36,-0.088927689637603,0.562666407715734,-0.0479500000000019,0.645436733647517
CD63,0.604835216439844,0.116341503439637,-0.0107115384615399,0.963690931527136
CD84,-0.0269929968602208,0.916221347452713,-0.194199999999999,2.00499959808356e-08
CDC37,-0.0410772426595358,0.860218980310227,0.120653846153846,0.694284798770556
CDC42BPB,-0.134837281315673,0.0799840430886688,-0.172457692307692,0.0564589635587567
CDH1,0.273436025813734,0.381133505445231,0.0358423076923076,0.645436733647517
CDH15,0.432938678901725,0.0574057722061739,0.0375346153846158,0.888182747286978
CDH23,0.632883824334031,0.0534911902011478,0.0276307692307702,0.827184904322245
CDH5,0.543188322634644,0.0151545433696752,0.146826923076922,0.000632503803014385
CDH6,0.633058487160948,0.00648137914431768,-0.0299846153846155,0.838363122951812
CDHR2,-0.0236131669728784,0.93340955699793,-0.197042307692308,0.00158435749446019
CDHR5,0.172098674841863,0.563011990959652,-0.0504076923076925,0.482792612875934
CEP170,0.0127831054297416,0.903505477099763,-0.195253846153847,0.0104324808682806
CFB,0.512001009132966,0.17793550742644,0.0144230769230769,0.938769854969572
CFD,0.219271072841009,0.305292260825664,0.0142000000000001,0.902229179533949
CFH,0.207633630851035,0.497205398940927,-0.0362423076923074,0.734013446116124
CFI,0.328443017021281,0.423849069650178,-0.0381730769230772,0.713024715023775
CHGA,0.479752821279129,0.0226161760465772,-0.136376923076923,0.239303088057047
CHGB,0.434041906437592,0.0746052792400597,0.0943230769230771,0.465667866288212
CHL1,0.331178952339354,0.140021852227777,0.0221846153846153,0.776831953806144
CLASP1,-0.128143152298971,0.487965328948086,-0.401242307692308,0.180632633939909
CLEC11A,0.495137217156358,0.0458027129936234,0.0759961538461545,0.3561698106716
CLEC3B,0.263050357373975,0.552369353990151,-0.0116384615384616,0.92301663181771
CLINT1,-0.0361133992407986,0.812045457915661,-0.0192384615384615,0.955552474590878
CLIP2,0.000344976094309008,0.99794876737765,-0.150857692307692,0.640497774008376
CLU,0.18617755766159,0.100620032854385,-0.0772576923076922,0.495053736093929
CMIP,0.0699591913109905,0.618162006784789,-0.178392307692308,0.122931155094
CNDP1,0.721134987139656,0.0367834368020345,0.0817538461538457,0.15478989574396
CNP,0.0719478557881294,0.741744126731874,-0.0185769230769224,0.937303105471315
CNPY2,-0.432332305165401,0.0417755051053057,-0.096530769230769,0.619573289593379
CNST,-0.206543097474308,0.198557689037756,0.00417307692307683,0.991818929095392
COL18A1,0.565156445159529,0.00554715131857844,0.00343076923076923,0.979201160627937
COL6A3,0.304615371109398,0.109426135166313,0.0443576923076925,0.667077151406443
COMP,0.255375155483966,0.234021120398196,-0.102119230769231,0.311141205566064
COMT,0.023819097625281,0.843166040159656,0.0163692307692301,0.953400138581404
COPB2,-0.038522921108772,0.665081518457681,0.158457692307693,0.68904857427914
CORO1A,0.133069211453019,0.588198643974019,-0.0668653846153836,0.730649333902244
COX5B,-0.241355579892385,0.184625285158404,-0.08865,0.639696734650839
CRKL,-0.00384174584367856,0.978409933238391,-0.187580769230769,0.0180177661726604
CRTAC1,0.316169506520315,0.135152960892357,-0.0918807692307695,0.0135285188729703
CSF1,0.252764073191767,0.164859784430063,0.00926538461538457,0.966906934704828
CSF1R,0.407374617437827,0.104394706030185,-0.000857692307692354,0.999616497242442
CSPG4,0.459436129300609,0.0171433490051522,0.0645461538461539,0.455454087111551
CTSC,0.19164352940621,0.230315825572477,-0.111053846153846,0.161211029036497
CTSD,0.047222258163845,0.812585628966755,-0.12825,0.542379141593726
CTSH,0.735011181976525,0.0055901035743884,-0.126342307692309,0.459468926153535
CTSS,0.280089482509466,0.270878675465892,-0.0511884615384617,0.512237983666881
DAAM1,-0.0928923958517339,0.439597421512775,-0.468388461538461,1.49296498869571e-06
DAG1,0.251848895751681,0.238466112211195,-0.151746153846154,7.05534454318173e-05
DARS1,-0.0518277303909416,0.655941854229588,0.100980769230769,0.634080625449044
DBH,0.399570811885442,0.177702080306447,0.0493884615384614,0.854645214239902
DBN1,-0.262707798106431,0.164110608581169,-0.0459769230769231,0.82353190212283
DBNL,-0.0873433410079102,0.676997640611121,-0.291457692307693,0.108148770517305
DCN,0.42670605558019,0.0245446316176368,-0.00021538461538425,0.999616497242442
DCTN1,-0.207075167645299,0.0570989993283153,0.166380769230769,0.24519785285982
DCTN2,-0.191951159161929,0.0421430138887654,0.0228999999999999,0.961819496255815
DECR1,-0.218350746543166,0.502331864458969,-0.176280769230768,0.505871934714327
DIABLO,0.0116717483664473,0.951851190759549,-0.157238461538462,0.478032573846729
DKK3,0.397722802445083,0.0842788377773987,0.0351461538461538,0.798014118945436
DNAJA1,0.00160263738540713,0.991326041361922,0.133046153846154,0.561761151781028
DNM1,-0.0976472881875492,0.394400559464919,0.142707692307692,0.561761151781028
DOK1,-0.00955207295153066,0.954319595094099,-0.00459615384615362,0.9877287018047
DOK2,-0.0190482404048642,0.903671944488384,-0.221946153846154,0.0377377191838819
DPEP2,0.253840925733663,0.283050388420507,-0.0849423076923061,0.20857881833768
DPP4,0.481048862788579,0.0517097892430426,-0.0953846153846153,0.00381450261160511
DPT,0.920456628801519,0.0055883506230472,-0.0603961538461538,0.396858321295131
DRG2,-0.0542226886334257,0.824524360742405,0.0233192307692307,0.840368530626494
DSC2,0.153520183160016,0.629642132752917,-0.026076923076923,0.88875252061743
DSG2,0.120523165616003,0.556109194095639,0.0778999999999988,0.126030216249145
DUSP3,0.179039310751549,0.185320413862917,0.132907692307693,0.806701660089913
DYNC1H1,-0.137438443425131,0.164117665441389,0.175453846153846,0.15558579303577
ECE1,-0.164642253409615,0.25476950245624,0.183915384615385,0.511052363624539
ECM1,-0.0599926010766789,0.842518290013419,0.136092307692308,0.606697733310703
EEF1D,0.0219017487193754,0.903671944488384,-0.0487884615384619,0.762447877937713
EFEMP1,0.285615389153729,0.230315825572477,-0.0284692307692308,0.811783739096484
EGF,-0.133345683867892,0.198194551633949,-0.604046153846151,1.79879649114482e-08
EHD3,-0.129778661371893,0.242812405664537,-0.0726192307692311,0.788919537266469
EIF4B,-0.366825078068414,0.152980451991723,-0.073734615384615,0.909420132232988
EIF4E,0.0577810283935207,0.745765702125352,-0.0582961538461539,0.909420132232988
EIF4G1,-0.173995186886676,0.043592475124822,-0.152096153846154,0.396858321295131
EIF4G3,0.061990429989943,0.766363709293774,-0.00656923076923063,0.991977085134389
EIF5,-0.249993819840115,0.142659780911299,0.124069230769231,0.694284798770556
ELOB,-0.173770891684846,0.599640741421988,-0.1293,0.655830321130839
ENO1,0.0638085266016785,0.797594858455845,0.0456384615384616,0.773647653436229
ENO2,0.0749818294054811,0.819079140874738,-0.0158692307692307,0.930544161997274
ERBIN,-0.0788023758183262,0.599788078750442,-0.221415384615385,0.196724052097682
ERP44,0.058109481415209,0.766682492224608,-0.0335730769230773,0.593856730084794
ESAM,-0.190259014829912,0.124221779678384,0.0326653846153846,0.55095410233889
ESYT2,-0.0544002318202877,0.652464314885832,-0.0282192307692308,0.91470037610536
F10,0.279721081508719,0.157228748003735,0.0179115384615385,0.748212934232845
F11R,0.0512140828808902,0.709965057694798,-0.118203846153846,0.124762119840857
F12,0.273816305606983,0.527175374839633,-0.00441538461538473,0.982625661829991
F13B,0.2368005350267,0.184625285158404,-0.0489961538461539,0.599802186365483
F2,0.0239539663495709,0.844841811680362,-0.0842000000000005,0.340785915209955
F7,0.199116343548958,0.267164547438013,-0.0282038461538459,0.762447877937713
F9,0.206072328690611,0.235612066315097,0.0596576923076926,0.374361534387367
FBLN2,0.436252503982788,0.0393818990831658,0.0533999999999998,0.655830321130839
FGA,-0.0489466712669895,0.667259044811864,-0.0598153846153857,0.57201704529592
FGL1,0.420123303845883,0.0566850647272756,-0.0434692307692314,0.88589760101618
FH,-0.126428885779406,0.405552192569948,-0.187034615384615,0.826407704865358
FLT4,0.271893427377925,0.118645522421439,0.00487307692307663,0.97942976928798
FN1,-0.246632817725136,0.230315825572477,-0.0649384615384617,0.270150365355206
FRMD4B,-0.0825184583077154,0.505670781741117,-0.0554153846153831,0.923779226307047
FYB1,-0.169765492542657,0.0950203568378225,-0.210834615384615,0.0107930469986496
GAPDH,-0.195129839138954,0.193131977187751,-0.052311538461538,0.707819985599655
GAS6,0.318462740565323,0.184551168417875,-0.0378076923076922,0.663351389510775
GC,-0.0643661162903892,0.756284702850541,-0.00457307692307718,0.980741917131595
GCLM,0.011751976483999,0.919285711063804,0.307446153846154,0.306295727615422
GET3,0.139116015923787,0.295250661341945,0.049753846153846,0.804992684363228
GGH,0.308745099265335,0.238793084810801,-0.0312423076923077,0.83567502404199
GIT1,-0.0611875980428436,0.714732813389519,0.0742576923076924,0.829727331708449
GNAS,0.182112502409373,0.446091822530898,0.0349961538461541,0.864957774050093
GOLM2,0.641711068547642,0.0055883506230472,0.032261538461538,0.8072183223482
GP1BA,0.0502646935764845,0.777820413806147,-0.0741500000000002,0.0740135607327669
GP1BB,-0.39249408592621,0.0696853566038631,-0.375903846153844,0.00122746445836866
GP5,-0.280886377542549,0.0874141654970941,-0.212892307692308,1.27158704287155e-05
GP6,-0.264665199199909,0.0173614642884635,-0.143053846153846,0.0247692026018696
GRAP2,-0.251841011578899,0.0148028950331893,-0.180576923076923,0.196724052097682
GSN,-0.178966562430966,0.225196675763803,-0.0143884615384616,0.864709427600875
GSR,0.015707463380469,0.919285711063804,-0.0477576923076926,0.655830321130839
GSTP1,-0.0195761879432265,0.951851190759549,-0.0129038461538463,0.9877287018047
GTPBP2,-0.0500071948833219,0.732303756549518,-0.141692307692307,0.582160916683428
GYS1,-0.237373417882512,0.164117665441389,-0.0620884615384614,0.804992684363228
HADH,-0.300985691401639,0.0571761256418309,7.30769230766161e-05,0.999616497242442
HCLS1,0.0097167816761927,0.952964814333771,0.19618076923077,0.224939114602158
HEG1,0.330772714959942,0.0609089141988823,0.026069230769231,0.692221404027188
HGFAC,0.369557363524909,0.305292260825664,-0.0866346153846153,0.178050135223744
HLA-A,-0.0450512940156488,0.825716407217174,0.00184615384615366,0.992758142117013
HMGCL,-0.134526891263098,0.238793084810801,-0.143638461538462,0.559202746592326
HNRNPK,0.033801614808138,0.76225981992015,0.301315384615385,0.0623636703364589
HPSE,0.154850236994567,0.332247133474693,-0.102073076923082,0.368650193940608
HRG,0.0848316684288381,0.716490349085982,-0.00218846153846122,0.991818929095392
HS1BP3,0.0599372816125104,0.763779599148366,-0.204180769230769,0.131530168790155
HSP90B1,0.102957987659957,0.181302406376043,0.0438076923076924,0.933445205148363
HSPB1,-0.0456884571288075,0.76687250699292,-0.197246153846154,0.242466938071184
HSPG2,0.280658193605543,0.0291387055134898,0.114284615384615,0.022235434840072
HYOU1,0.142231650620992,0.184625285158404,0.00773461538461536,0.923779226307047
ICAM2,0.180331856150104,0.53206226016848,-0.0312192307692308,0.666092740280181
IGF2R,0.464720917003399,0.0055883506230472,0.0577500000000001,0.478032573846729
IGFBP3,0.440237927147282,0.189451950024051,-0.0287230769230769,0.576282965250022
IKBKG,-0.12386959947406,0.324515200959946,0.212276923076924,0.0478504109057893
IMMT,-0.120375335457465,0.39608240424463,0.0256807692307692,0.942546754836529
INHBC,0.346774529885726,0.233993486901596,-0.0558230769230769,0.671092325801322
INPP5D,-0.0175531249528283,0.943074669314514,0.15605,0.455088005574403
INPPL1,-0.0771826085760318,0.502331864458969,-0.0512230769230767,0.83833312795739
IQGAP2,-0.192453329734294,0.0746052792400597,0.0635192307692308,0.850046224934601
IRAG2,0.0568988021494733,0.812585628966755,-0.00375384615384629,0.990077857925503
ITGA2,-0.137267944912418,0.259207135740779,-0.0622153846153844,0.424912138664207
ITGA6,-0.222934103326168,0.260733758602153,-0.0648769230769232,0.528116536145871
ITGAV,0.182894931232255,0.196846421589081,-0.0242884615384615,0.811783739096484
ITGB1,-0.0597619128612673,0.738741712040037,-0.00431923076923076,0.966906934704828
ITGB5,-0.163284752781527,0.189227913134116,-0.0933192307692311,0.340785915209955
ITIH1,0.13277555778573,0.184777733672076,-0.0146461538461539,0.892811215031087
ITIH3,0.145402203469483,0.331684004161402,0.109676923076923,0.494970906568762
ITIH4,0.247753729192177,0.430976926346809,-0.0447538461538461,0.722648599936434
ITPR1,-0.130700789690811,0.386900253736676,0.0841730769230749,0.0788631958221144
JAM3,-0.240628665001075,0.060275039100655,0.0152961538461537,0.928486658601211
JCHAIN,0.466079210383251,0.505670781741117,0.0224576923076927,0.914320189782892
KIT,0.43958951183059,0.0620654056491741,-0.0260423076923077,0.808438575877073
KLKB1,0.316038581242655,0.28352549610646,-0.0267307692307687,0.707819985599655
L1CAM,0.0797767525000906,0.676902598048121,-0.183911538461538,0.0550242040286889
LAMB1,0.284710183023507,0.170001775730506,0.00698461538461537,0.956403952230471
LAMP1,0.489765864493865,0.234248951465763,-0.0448076923076927,0.806074646570089
LBP,0.163432437713477,0.418899443916715,-0.134615384615384,0.517284316214965
LCAT,0.526790732157859,0.12023933487706,-0.0617076923076925,0.268387597272774
LCP1,0.0780354898541721,0.661426161907043,-0.168834615384616,0.582160916683428
LDLR,0.410555112544033,0.0475063818923366,-0.149388461538462,0.0348826637128609
LDLRAP1,0.0682337387966287,0.752518932909916,0.0526115384615385,0.931049405168608
LGALS3BP,0.0904869186371719,0.552369353990151,-0.0267192307692308,0.808438575877073
LONP1,-0.0916129106393401,0.689684845748348,0.00525769230769252,0.991818929095392
LPA,0.233403377457838,0.123353914613882,0.190496153846153,0.614930770860726
LPL,0.218902124310443,0.36259480839829,0.0599076923076919,0.83570518767792
LPP,-0.0766198851847372,0.618162006784789,0.0119076923076924,0.9877287018047
LRG1,0.282806885476844,0.575393032949717,-0.0485269230769228,0.823201457863306
LRP1,0.312745302757951,0.0676177270041347,-0.00330384615384706,0.984059206879958
LRRC59,-0.201225462236158,0.574469824242469,-0.0244038461538462,0.963690931527136
LRRFIP1,-0.210368835923895,0.226084585343282,0.331007692307693,1.85617954187231e-05
LSM1,-0.298194251893799,0.336825616971968,0.0582653846153848,0.796703757523892
LTBP2,0.477308346654165,0.0487297065171072,-0.0574807692307693,0.645436733647517
LYN,-0.0660384545227229,0.653575050213679,0.145407692307692,0.436758322096631
M6PR,-0.140031045964245,0.253339196069789,-0.0414423076923077,0.679223115413848
MANF,-0.047846672949637,0.752305488807414,-0.0403923076923084,0.728398454482302
MANSC1,0.214322908633674,0.260925469773345,0.0470846153846154,0.643159045872698
MAP3K5,-0.325739899407765,0.123585811345096,-0.0144846153846141,0.963690931527136
MAPKAPK2,-0.0199671785263298,0.937213321386988,0.091407692307693,0.7433857626248
MARS1,-0.111566397652,0.494160198818327,-0.0301346153846153,0.810138410672706
MASP1,0.0686861674611098,0.644518999185045,0.0436538461538462,0.665766317828312
MAVS,-0.239968518068623,0.331110021162943,-0.188046153846154,0.0320339648949157
MBL2,0.176526130962292,0.443476700548551,-0.0802846153846156,0.387032046851224
MCAM,0.433357599181032,0.108629589872426,0.0569999999999999,0.465667866288212
MDH1,-0.00477350054278989,0.990588118548315,-0.0315192307692307,0.127702859083014
MENT,0.458441600125049,0.145415481295363,-0.00181153846153848,0.9877287018047
MEP1B,0.608664768072802,0.00198417263180398,-0.103592307692308,0.685753153549623
MFAP4,0.293269968060985,0.447571872616141,-0.0306923076923077,0.807863899142455
MICALL2,0.334421577289477,0.164117665441389,-0.186638461538462,0.480883118604605
MINK1,-0.0297259052976447,0.849878745258103,0.176834615384616,0.67868447813308
MMP9,-0.0227253799974252,0.919285711063804,-0.146165384615383,0.178241881231966
MPIG6B,0.264296249951118,0.550812055804467,-0.378780769230768,4.13409718921293e-06
MPRIP,0.0602813874211396,0.62374920137828,-0.12005,0.568405053385556
MST1,0.358802378082839,0.288314437832152,-0.0317576923076922,0.676281194053184
MTDH,-0.0934657228933397,0.531785244397496,0.187753846153846,0.31027497009732
MTPN,-0.262005930482041,0.189451950024051,0.0110692307692307,0.962470473160184
MTSS1,0.0171955782508955,0.937952575049008,-0.310573076923076,0.0567602863205021
MYCBP2,-0.0950232542811393,0.51343474645371,0.23055,0.0808147003150771
MYH9,-0.382477306746195,0.0688707459128668,0.022630769230769,0.912094572131848
MYO9B,-0.0662790892621287,0.500083189864658,-0.104623076923077,0.538159474837548
NAP1L4,0.0399457338308338,0.874302185419725,0.173215384615384,0.394380673805792
NCAM1,0.370202217996261,0.0131670339361277,-0.0563538461538463,0.447059581411471
NCK2,0.168818920858893,0.353628395256479,-0.0385538461538459,0.780054659776122
NCLN,-0.0974873972503347,0.418899443916715,-0.179907692307692,0.239303088057047
NDUFA5,0.0458279653413991,0.8426852737696,0.0628076923076921,0.800066181017852
NEO1,0.285858965851976,0.0696853566038631,-0.0434653846153845,0.639696734650839
NEXN,-0.183712643448183,0.230315825572477,-0.0869807692307692,0.360140175949119
NID1,0.203725387492053,0.124611864892835,0.0102153846153838,0.937303105471315
NID2,-0.0814811505516405,0.538133898841405,-0.127896153846154,0.459456268673161
NME1,0.342777744983864,0.0329625999811162,-0.00103846153846144,0.999616497242442
NRCAM,0.123006769174248,0.681218222966185,-0.0701999999999998,0.29280858394826
NRP1,0.41065041361397,0.0173614642884635,0.1016,0.275294199658994
NRP2,0.529404599754793,0.00554715131857844,0.0993807692307691,0.0871424199171453
NSFL1C,-0.346624484895165,0.0558323161799787,0.0302615384615387,0.932955427960377
NUCB2,-0.12885077279248,0.467217209758678,-0.00821153846153798,0.95813798590095
NUDC,-0.104506212383097,0.447571872616141,-0.0265346153846152,0.878754058936083
OGN,0.425628608972285,0.144684674038516,0.00301538461538463,0.987732750433118
OMD,0.447339341530492,0.0205696341301766,0.108676923076923,0.196724052097682
ORM1,0.14904663388411,0.686961001130454,0.0424961538461539,0.796703757523892
OXCT1,-0.318739162179067,0.0517870697399101,0.00510000000000055,0.98165592881809
P4HB,0.0217030050277605,0.873090864111021,-0.0379192307692308,0.760643429348325
PAM,0.289393473150968,0.226084585343282,0.00106153846153846,0.995621915443259
PARD3,0.0271386822565254,0.774387394058407,0.0265769230769231,0.961819496255815
PCBP2,-0.0982945708681576,0.591671366614166,0.118676923076923,0.707819985599655
PCDH1,0.403795890682028,0.0720849060498136,-0.0324999999999998,0.423634969800572
PCDH12,0.227014343046438,0.258399080368608,0.134807692307692,0.0627140340019395
PCSK9,0.271902639568838,0.138925162934854,-0.0334423076923078,0.864957774050093
PDE5A,-0.0719930242018388,0.59753738406127,-0.0208807692307689,0.946248364487087
PDGFRB,0.299831052922196,0.29285638733209,0.0491346153846157,0.38637566691165
PDIA3,0.30804524158557,0.0156284117097196,-0.124419230769231,0.190388712164597
PDIA4,0.0222535308344645,0.870400398726551,-0.0274692307692308,0.83833312795739
PDLIM5,-0.0717408197002171,0.555616961783027,0.00289999999999953,0.993158771500074
PDLIM7,-0.139960271631058,0.184777733672076,-0.223211538461538,0.02904955730948
PECAM1,-0.330768544089012,0.0453246333777184,0.0254653846153847,0.720244879228802
PEPD,0.22691685971559,0.321816293334875,-0.0654115384615385,0.511161108411435
PGD,0.148407876118387,0.276598316201246,0.121407692307692,0.428953516761971
PGLYRP2,0.393142343891638,0.101068253816082,-0.0657923076923076,0.428953516761971
PI16,0.113465100050679,0.512190745086057,-0.0344076923076924,0.771735583627476
PLA2G4A,-0.0445165907778195,0.76225981992015,-0.0128115384615384,0.925327510225198
PLCB2,-0.0611767536282687,0.683212516360457,0.164561538461539,0.196724052097682
PLG,0.0902779152900833,0.742145583657333,-0.0190346153846154,0.810138410672706
PLIN1,0.279386918680959,0.287534019482163,0.119003846153846,0.597935147074871
PLIN3,-0.00267371409479848,0.98782645142844,-0.129903846153846,0.128650519365427
PLTP,0.33826458172355,0.137480013058878,0.0355692307692308,0.727230130669694
PLXDC1,0.407248353930293,0.0342869571008979,-0.0108615384615383,0.960139796035554
PLXDC2,0.263211356515186,0.162911677452731,-0.278657692307692,0.0402921904393211
PLXNA4,-0.301164818321334,0.0408605071825396,-0.271619230769231,0.0021623529794115
PLXNB2,0.167384740891913,0.0840812638087479,-0.0592730769230769,0.252369427960838
PODXL,0.299969982556278,0.506489604857908,-0.0741692307692308,0.11904817047239
PON1,0.10980634227285,0.574469824242469,-0.0525,0.480883118604605
PON3,0.314062280440159,0.164110608581169,-0.0108538461538457,0.950173255863507
POSTN,0.333506406477184,0.188974803292354,-0.143546153846153,0.429889850293386
PPBP,-0.186987607505065,0.376344374131046,0.0201692307692305,0.844320646059678
PPIB,0.158739920593804,0.541148534780859,0.0119423076923084,0.959641077581258
PPM1A,-0.106214962010325,0.436620909382323,-0.0247576923076921,0.914320189782892
PPM1F,-0.237628945554958,0.295250661341945,0.0800807692307689,0.700018271247964
PPP1R12A,-0.0640684672457145,0.502331864458969,0.165334615384616,0.0523053379899148
PPP1R2,0.202893131549469,0.324515200959946,0.0721346153846156,0.645436733647517
PPP1R9B,-0.0522331735423777,0.692614847197092,0.180746153846154,0.216434440251068
PRDX1,0.021213369966521,0.877750476105821,-0.277703846153846,0.043261730162225
PRDX2,0.129189873698169,0.682873545267904,0.0211999999999994,0.937303105471315
PRDX3,0.10164085380726,0.609806642177911,-0.174311538461538,0.561761151781028
PRDX5,-0.206613190609157,0.304169806257802,-0.00304999999999962,0.992949888195479
PRDX6,-0.162513206210596,0.307036577914603,-0.0362153846153846,0.915071781787572
PRG2,0.306747322938897,0.0478111822009687,0.0562038461538468,0.593252618161727
PRKAB1,-0.127369183870562,0.404410561701322,-0.027946153846154,0.917484846580743
PRKAR1A,-0.0176391583155372,0.936982911855499,-0.13175,0.224939114602158
PRKAR2A,-0.0717020172302065,0.710875370380982,-0.0190538461538466,0.937780518880183
PRKCQ,-0.0395105527773826,0.730966744860379,0.0621461538461546,0.792403694365661
PRKG1,0.0294358276236444,0.768617451162407,-0.269719230769231,0.031303944143217
PROC,0.0374620837829352,0.824763353493102,-0.110584615384615,0.116511094473281
PROS1,0.167290242922537,0.11752841912916,-0.0583076923076925,0.515224361887288
PSAP,0.229760065459594,0.182697582775027,0.0021346153846156,0.994957609689802
PSMA1,0.11131069338251,0.394400559464919,-0.0250576923076922,0.975414679824921
PSMC3,-0.0893921487933598,0.550626613621204,0.244523076923077,0.497456412225683
PSMD1,-0.143928861983838,0.215780347230935,0.167861538461539,0.727230130669694
PSMD5,-0.0578439560877452,0.62374920137828,-0.00607692307692305,0.989028106474418
PSME1,-0.0731639657434363,0.550626613621204,-0.00163846153846168,0.994957609689802
PSME2,-0.0627998050698652,0.685460498596016,-0.000184615384614954,0.999616497242442
PSTPIP2,-0.0429018476900435,0.827694025035125,-0.0870692307692301,0.688558022026105
PTGDS,0.240048816282558,0.460728737837485,0.0659384615384618,0.396346697556321
PTPN6,-0.00678131917935142,0.947833559402364,0.106723076923076,0.645436733647517
PTPRC,0.230385169218881,0.189451950024051,0.109007692307692,0.456350472796732
PTPRZ1,0.464776999988896,0.0566850647272756,0.0523846153846152,0.641157948417073
PTX3,0.474060538455654,0.0055883506230472,0.01185,0.9877287018047
QSOX1,0.444356019494006,0.0290830989952551,-0.0255115384615384,0.838363122951812
RAB10,-0.19570721725244,0.436619042580319,-0.233057692307692,0.379427086189399
RAB11FIP3,-0.163514438316322,0.450568538911835,-0.203365384615385,0.387032046851224
RAB27B,-0.36702769211476,0.0430035503105484,-0.421738461538463,1.07740922915979e-05
RAB2B,-0.199112479804346,0.373505546658722,-0.0776153846153844,0.778785177483585
RAB37,-0.117801716631864,0.40430799721595,-0.626461538461538,0.0526403183070162
RAB3GAP1,-0.205911270273638,0.0570989993283153,0.263823076923077,0.148078438482271
RAB6A,-0.168523600815998,0.512190745086057,-0.14536923076923,0.300874427034456
RAB6B,-2.66125828702346e-05,0.999969600101054,-0.0971846153846154,0.523899392398122
RABEP1,-0.0843644506543294,0.51343474645371,-0.0342961538461534,0.830843357892674
RAP1A,-0.208651933588875,0.233993486901596,-0.00940000000000054,0.9877287018047
RASA1,-0.171137425854422,0.28043319950308,0.121926923076923,0.7417216595323
RILPL2,-0.0676249517637972,0.795816001796755,-0.0731653846153846,0.707819985599655
RNASE4,0.129916250112986,0.444180824716251,-0.00723461538461525,0.956403952230471
RP2,0.058314168735971,0.854729706152697,0.0349692307692314,0.915071781787572
RRAS,0.203358881689883,0.285556714495499,-0.321553846153845,0.612209465514044
RUVBL1,-0.0710450758618395,0.685180609854533,0.0107192307692314,0.983927897790284
RWDD1,-0.00059334484068099,0.99794876737765,0.0625346153846153,0.628635226964068
SAA4,0.442006695286363,0.0811061524262453,-0.170361538461538,0.681155527398431
SARG,-0.131632425638526,0.377670597984496,-0.163973076923077,0.334602966720501
SCAMP3,-0.028189318602856,0.874302185419725,-0.192115384615385,0.0399314253559781
SCARF1,-0.0715521374045974,0.733599385355065,-0.0444923076923073,0.577811880544299
SCRN1,0.0249720665072653,0.93885881020199,0.0838576923076921,0.804608273510465
SDHB,-0.289767775917186,0.171279751116257,0.0456692307692309,0.804608273510465
SEC31A,-0.0360455283919762,0.822685950169423,0.0913461538461539,0.668244263488599
SELENOP,0.031174930896142,0.881697382368258,-0.0130269230769234,0.933445205148363
SELL,0.740508479497052,0.00978296421251141,0.0630769230769233,0.671092325801322
SELP,0.0429017782294696,0.856359831417698,0.011653846153846,0.933445205148363
SEPTIN7,-0.128238405640143,0.238793084810801,0.00176153846153846,0.999616497242442
SERPINA1,0.243542785408612,0.164117665441389,0.038934615384615,0.661673141377353
SERPINA3,0.335152077174176,0.177702080306447,-0.0093499999999999,0.962369885479928
SERPINA4,0.345358548634258,0.177702080306447,-0.0355692307692309,0.639696734650839
SERPINA5,0.564844065313143,0.0160685360952871,-0.0213807692307692,0.845236563923307
SERPINA6,0.408820772555378,0.418866512214061,0.0195538461538462,0.923779226307047
SERPINA7,0.25464013108992,0.516061997405025,0.0654307692307691,0.688558022026105
SERPINB1,-0.111369044424856,0.102459669607926,0.225680769230768,0.132836119380471
SERPINB6,-0.139143767459749,0.147159731738652,0.00991538461538446,0.92847777407564
SERPINB9,0.0100199397352489,0.952964814333771,-0.0893923076923072,0.286960454134613
SERPINC1,0.436985562662311,0.17793550742644,-0.00631538461538465,0.952540739553058
SERPIND1,-0.0294783929694347,0.889087442777353,-0.026603846153846,0.788919537266469
SERPINE1,0.217747953998449,0.267396180911497,-0.0197692307692312,0.818538268294008
SERPINE2,0.100024689292683,0.436753675233519,-0.0592846153846158,0.424912138664207
SERPINF1,0.248462636848511,0.373505546658722,0.0218192307692308,0.840368530626494
SERPINF2,0.394715576664387,0.102399617094261,0.124388461538461,0.0104324808682806
SERPING1,0.0378025534278156,0.706880040593198,-0.0246769230769231,0.764701193872711
SERPINH1,0.142763745363435,0.347764596432676,0.227884615384616,0.665778811773042
SHBG,0.484857056789378,0.0814961835033698,0.0993076923076918,0.15478989574396
SKAP2,-0.0889093119696316,0.528515320427746,-0.507530769230769,3.43050009225443e-05
SLA2,-0.0129698814329057,0.952964814333771,-0.218588461538461,0.636006225137542
SLC27A4,-0.166678069185269,0.338022913297104,-0.187042307692308,0.668244263488599
SLC4A1,0.263559210134091,0.390146031793069,-0.0363038461538467,0.826411285432467
SLK,-0.153172297325281,0.0375059366322565,-0.0359769230769231,0.946248364487087
SLMAP,0.102964781462402,0.51343474645371,0.0811076923076923,0.645436733647517
SMTN,-0.0806582554530805,0.665081518457681,-0.317146153846154,0.00576901773299725
SNAP23,-0.261776946415857,0.445208083304202,-0.469265384615384,0.00230306934334236
SNAP29,0.00142044416719518,0.992585598080525,-0.200592307692306,0.0199125168111748
SNCA,-0.11898250176434,0.489384618337425,0.00690384615384591,0.994957609689802
SNED1,0.354285352730627,0.0648489539151875,-0.0296538461538458,0.933445205148363
SNX2,-0.00605771757888353,0.96619912095508,-0.00621923076922946,0.994957609689802
SNX9,-0.135057082662618,0.318360064505489,-0.101334615384615,0.28557054945595
SOD2,-0.157772153965843,0.189451950024051,0.120273076923077,0.244202902994599
SOD3,0.494528351672218,0.0870356136473496,-0.029623076923077,0.732316748459156
SPARC,-0.159177914110713,0.443803361736281,0.00494230769230888,0.994957609689802
SPARCL1,0.283802125955929,0.0840812638087479,0.0139884615384616,0.917242207641012
SPP1,0.317380053699291,0.164117665441389,0.0935423076923076,0.465667866288212
SPTLC1,-0.0875473881137353,0.62374920137828,-0.0202038461538461,0.871401336860345
SRC,-0.0282584448184974,0.848806469904277,-0.512746153846154,1.48883988271909e-08
SSBP1,0.112773252663354,0.261624734234209,0.0586115384615386,0.896118739419986
SSC5D,0.288680552622219,0.373458964616074,-0.155326923076923,0.000866288358005719
ST13,0.146622555339463,0.39608240424463,0.047503846153846,0.883108501783176
STAT5B,-0.0755375254839094,0.704261633323672,0.249984615384616,0.274066381999273
STIP1,0.0040565409559701,0.970047734933474,0.0591884615384615,0.771735583627476
STK24,-0.0932803741686165,0.475968024982543,-0.181280769230768,0.646891808696096
STK4,-0.146798098563299,0.269577456499608,-0.14641923076923,0.086563397892301
STOML2,-0.37764477905726,0.072010906008158,-0.0504115384615381,0.864591190840337
STX7,0.0869704599887082,0.629642132752917,-0.201196153846152,0.0897688500129259
STXBP3,0.0628112375198259,0.779009222044366,0.181003846153846,0.523899392398122
SULT1A1,0.00603952494930281,0.980921940125189,-0.0679000000000011,0.655830321130839
SUSD1,-0.0806659864506346,0.684185722131679,-0.274157692307692,0.00381450261160511
SUSD5,0.351348712688818,0.0779412114351878,-0.00280769230769181,0.9877287018047
SYAP1,-0.112302302842757,0.437274662114335,-0.0877384615384615,0.628635226964068
SYTL4,-0.294273028900011,0.0529866525301088,0.0289576923076923,0.957716783913365
TAB2,-0.0118382671275444,0.936339608432784,0.167353846153846,0.124334288183699
TAP1,0.315773518817996,0.0736049802081447,-0.100903846153844,0.81133154213335
TBCB,-0.101363917890611,0.629642132752917,0.0498846153846149,0.840368530626494
TF,0.124257210964893,0.762208390545361,-0.0421153846153846,0.74051179543019
TFPI,0.226124959127969,0.45255221727652,0.0502846153846156,0.34244849098562
TFRC,0.249693819987506,0.331684004161402,0.0469653846153854,0.655830321130839
TG,0.177630524622925,0.339344447359411,0.021273076923077,0.928260886480123
TGFB1,-0.220048741137333,0.0131670339361277,0.0473461538461548,0.430541998068023
TGFBI,0.265972126653821,0.140434172716405,0.00879615384615372,0.9344054969502
THBS4,0.165945929884844,0.268972230766459,-0.113261538461539,0.633729284209029
THSD1,0.698845780252937,0.0055883506230472,0.129030769230769,0.639696734650839
TMED10,-0.102494384147057,0.653958001841456,0.104430769230769,0.735515937315996
TMED4,0.162154889721504,0.592130081649831,0.0109730769230772,0.98674925380413
TMED8,-0.217902350826933,0.164117665441389,0.0592730769230769,0.778785177483585
TNC,0.482477222237641,0.00554715131857844,0.0125115384615387,0.953400138581404
TNXB,0.37351407369792,0.0149853351658743,0.0779769230769232,0.256307857650653
TOM1L2,-0.0251328398123593,0.903671944488384,0.288519230769232,0.748212934232845
TPM3,0.0245710918969041,0.937952575049008,-0.144746153846154,0.60139520532497
TPP1,0.0221258030408322,0.916221347452713,0.0113846153846159,0.902229179533949
TREML1,-0.243483277792026,0.599640741421988,-0.307026923076926,4.07389581983509e-05
TRIM25,-0.0574491452606046,0.664341656827006,0.266265384615385,0.00619483105711421
TRIM58,0.0301884785872129,0.80469620547439,0.125926923076923,0.642144019024094
TSNAX,-0.132233645388798,0.549617584612199,-0.0772730769230765,0.762003527032385
TST,-0.178687517371507,0.31058566309314,0.0166769230769231,0.956250097577454
TTR,-0.0458822913177148,0.616269542223512,-0.0740307692307691,0.268387597272774
TWF2,0.00534622994978651,0.963912094430545,-0.0295576923076924,0.909420132232988
TXN,0.225165465516225,0.268972230766459,0.0224653846153846,0.912094572131848
TXNDC15,0.286835987852432,0.120827833528186,0.00380384615384586,0.986167097431089
TXNDC5,0.122011685723183,0.45255221727652,0.0448846153846153,0.723088109865017
TXNL1,-0.0764888235976092,0.718964275470607,-0.563573076923077,0.0182583857717649
TXNRD1,0.028028278852956,0.85609877329568,-0.0344230769230768,0.876629149972469
TYMP,0.179996492652563,0.445208083304202,-0.0789115384615384,0.707819985599655
USO1,0.0180375435693385,0.941251836792649,0.150688461538461,0.480883118604605
USP47,-0.0180103299818539,0.903671944488384,-0.291373076923077,0.286960454134613
UXS1,-0.249300435990078,0.0688707459128668,-0.0718692307692297,0.698193759753745
VAMP8,-0.0182322736821004,0.963912094430545,-0.1958,0.0973161891725031
VASN,0.532288715237607,0.0408605071825396,0.0208384615384615,0.838363122951812
VASP,-0.131143618257752,0.384046227281152,0.120638461538462,0.251262593385862
VCAM1,0.389623951590364,0.0421430138887654,0.0437500000000001,0.36183363367751
VCAN,0.185773420158008,0.665081518457681,0.0604076923076923,0.306474426715817
VIM,0.156130630680553,0.552369353990151,-0.0393384615384616,0.893168951071185
VPS37A,-0.0693384042534592,0.806742243581508,-0.0340961538461539,0.938769854969572
VSIG4,0.584146500935427,0.159082449730356,0.000507692307692305,0.999616497242442
VSIR,0.0265787063527382,0.916221347452713,-0.0715846153846156,0.194077439898165
VWA5A,0.0625669998167665,0.76225981992015,0.143553846153846,0.722218507723592
VWF,-0.21638127778472,0.526058404504897,-0.269326923076923,0.0759862880657713
WAS,-0.267097907345342,0.0688707459128668,-0.434496153846154,0.235988903528653
WASF1,-0.172177623973414,0.310631394510385,-0.0409423076923075,0.840368530626494
YWHAQ,-0.108436206424605,0.710875370380982,0.00266923076923077,0.988657782816921
