analysis,source,ID,Description,GeneRatio,BgRatio,RichFactor,FoldEnrichment,zScore,pvalue,p.adjust,qvalue,geneID,Count,ontology,module,category,subcategory,neglog10q
M1,GO CC,GO:0030312,external encapsulating structure,72/250,159/1516,0.452830188679245,2.74596226415094,10.337200959416,5.70763829177211e-20,1.49540123244429e-17,1.39987339156095e-17,EFEMP2/F9/SERPINC1/SERPINA1/SERPINA3/AGT/APOA1/APOE/APOC3/C1QB/SERPINA5/APOA4/DCN/PSAP/LAMB1/SOD3/CTSG/MGP/SERPINF2/CLU/LAMC1/COL6A3/NCAM1/PRG2/NID1/ACAN/ORM2/ITIH1/OGN/TNXB/CPN2/PTPRZ1/LAMA2/TNC/PTX3/FBN1/COL18A1/THBS3/COMP/APLP1/CTSC/CDH13/RELN/GPLD1/FBLN2/HSPG2/FMOD/DPT/FGL1/EFEMP1/SPP2/SPARCL1/LTBP2/POSTN/TGFBI/VASN/CSPG4/ADAMTS13/ABI3BP/ADAMTSL2/PKHD1L1/ANGPTL6/SNED1/PRG4/MMP19/COL12A1/OMD/ASPN/CD248/MXRA5/ADAMTS8/FCGBP,72,CC,M1,,,16.8252422657627
M1,GO CC,GO:0031012,extracellular matrix,71/250,158/1516,0.449367088607595,2.72496202531646,10.1769505676514,1.96912508185313e-19,2.5795538572276e-17,2.41476917932515e-17,EFEMP2/F9/SERPINC1/SERPINA1/SERPINA3/AGT/APOA1/APOE/APOC3/C1QB/SERPINA5/APOA4/DCN/PSAP/LAMB1/SOD3/CTSG/MGP/SERPINF2/CLU/LAMC1/COL6A3/NCAM1/PRG2/NID1/ACAN/ORM2/ITIH1/OGN/TNXB/CPN2/PTPRZ1/LAMA2/TNC/PTX3/FBN1/COL18A1/THBS3/COMP/APLP1/CTSC/CDH13/RELN/GPLD1/FBLN2/HSPG2/FMOD/DPT/FGL1/EFEMP1/SPP2/SPARCL1/LTBP2/POSTN/TGFBI/VASN/CSPG4/ADAMTS13/ABI3BP/ADAMTSL2/ANGPTL6/SNED1/PRG4/MMP19/COL12A1/OMD/ASPN/CD248/MXRA5/ADAMTS8/FCGBP,71,CC,M1,,,16.5884554002766
M1,GO CC,GO:0062023,collagen-containing extracellular matrix,59/250,140/1516,0.421428571428571,2.55554285714286,8.58215294135544,2.05296769602441e-14,1.79292512119465e-12,1.67839113394276e-12,EFEMP2/F9/SERPINC1/SERPINA1/SERPINA3/AGT/APOA1/APOE/APOC3/C1QB/SERPINA5/APOA4/DCN/PSAP/LAMB1/SOD3/CTSG/MGP/SERPINF2/CLU/LAMC1/COL6A3/NCAM1/PRG2/NID1/ACAN/ORM2/ITIH1/OGN/TNXB/PTPRZ1/LAMA2/TNC/FBN1/COL18A1/THBS3/COMP/APLP1/CTSC/CDH13/FBLN2/HSPG2/FMOD/DPT/FGL1/EFEMP1/SPP2/SPARCL1/LTBP2/POSTN/TGFBI/CSPG4/ABI3BP/ANGPTL6/PRG4/COL12A1/ASPN/MXRA5/ADAMTS8,59,CC,M1,,,11.7464378477111
M1,GO CC,GO:0005788,endoplasmic reticulum lumen,38/250,93/1516,0.408602150537634,2.47776344086022,6.53436530703637,5.74810005075099e-09,3.7650055332419e-07,3.52449292585521e-07,QSOX1/F8/F9/F10/SERPINC1/SERPINA1/C3/APOA1/APOE/APOA2/CHGB/APOA4/LAMB1/CSF1/SPP1/CLU/LAMC1/COL6A3/PRKCSH/IGFBP5/TNC/PDIA3/FBN1/COL18A1/CTSC/ASPH/SPP2/GAS6/SPARCL1/GANAB/RCN1/MIA3/APOA5/ADAMTS13/GOLM1/PCSK9/COL12A1/HYOU1,38,CC,M1,,,6.42423438120175
M1,GO CC,GO:0032994,protein-lipid complex,17/250,29/1516,0.586206896551724,3.55475862068966,6.17096176988801,2.38786507451945e-07,8.93743785034423e-06,8.36650469718845e-06,APOM/HPR/LDLR/APOA1/APOE/APOA2/APOC1/APOC3/LCAT/APOA4/LPA/CLU/CETP/SAA4/PLTP/APOBR/APOA5,17,CC,M1,,,5.04878696520165
M1,GO BP,GO:0030198,extracellular matrix organization,28/242,57/1487,0.491228070175439,3.0184138031028,6.84876127746839,3.70275097044165e-09,2.31298510620255e-06,2.11901292378608e-06,QSOX1/EFEMP2/AGT/LAMB1/CTSG/SERPINF2/LAMC1/NID1/TNXB/LAMA2/PTX3/DPP4/COL18A1/COMP/APLP1/FMOD/DPT/LRP1/GAS6/POSTN/TGFBI/ADAMTS13/ABI3BP/ADAMTSL2/MMP19/COL12A1/ANTXR1/ADAMTS8,28,BP,M1,,,5.63582716373387
M1,GO BP,GO:0043062,extracellular structure organization,28/242,57/1487,0.491228070175439,3.0184138031028,6.84876127746839,3.70275097044165e-09,2.31298510620255e-06,2.11901292378608e-06,QSOX1/EFEMP2/AGT/LAMB1/CTSG/SERPINF2/LAMC1/NID1/TNXB/LAMA2/PTX3/DPP4/COL18A1/COMP/APLP1/FMOD/DPT/LRP1/GAS6/POSTN/TGFBI/ADAMTS13/ABI3BP/ADAMTSL2/MMP19/COL12A1/ANTXR1/ADAMTS8,28,BP,M1,,,5.63582716373387
M1,GO BP,GO:0045229,external encapsulating structure organization,28/242,57/1487,0.491228070175439,3.0184138031028,6.84876127746839,3.70275097044165e-09,2.31298510620255e-06,2.11901292378608e-06,QSOX1/EFEMP2/AGT/LAMB1/CTSG/SERPINF2/LAMC1/NID1/TNXB/LAMA2/PTX3/DPP4/COL18A1/COMP/APLP1/FMOD/DPT/LRP1/GAS6/POSTN/TGFBI/ADAMTS13/ABI3BP/ADAMTSL2/MMP19/COL12A1/ANTXR1/ADAMTS8,28,BP,M1,,,5.63582716373387
M1,GO BP,GO:0034375,high-density lipoprotein particle remodeling,10/242,11/1487,0.909090909090909,5.58602554470323,6.72855869603301,1.04919620017088e-07,4.91548419780055e-05,4.50326053283868e-05,APOM/APOA1/APOE/APOA2/APOC1/APOC3/LCAT/APOA4/CETP/PLTP,10,BP,M1,,,4.30843369572084
M1,GO BP,GO:0043691,reverse cholesterol transport,9/242,10/1487,0.9,5.5301652892562,6.33513993694322,6.05683440594911e-07,0.000182416763329467,0.000167118879396933,APOM/APOA1/APOE/APOA2/APOC3/LCAT/APOA4/CLU/CETP,9,BP,M1,,,3.73893525434661
M1,KEGG,hsa04610,Complement and coagulation cascades,22/139,58/963,0.379310344827586,2.62788389977673,5.2498206324412,3.91592537211839e-06,0.000307646971924936,0.000299440095240565,10747/2157/715/2158/2159/629/462/5265/718/713/5104/2165/717/5627/731/732/733/5345/730/1191/729/3078,22,KEGG,M1,Organismal Systems,Immune system,3.51194735518269
M1,KEGG,hsa04979,Cholesterol metabolism,13/139,24/963,0.541666666666667,3.75269784172662,5.6061239719255,4.21434208116351e-06,0.000307646971924936,0.000299440095240565,3949/335/348/336/341/345/3931/337/4018/1071/5360/4035/255738,13,KEGG,M1,Organismal Systems,Digestive system,3.51194735518269
M1,KEGG,hsa05322,Systemic lupus erythematosus,11/139,21/963,0.523809523809524,3.6289825282631,5.00038249480786,3.78658991777373e-05,0.00184280709331655,0.00179364785578756,715/718/713/717/731/732/733/1511/730/729/8359,11,KEGG,M1,Human Diseases,Immune disease,2.73452012473371
M1,KEGG,hsa04512,ECM-receptor interaction,13/139,33/963,0.393939393939394,2.729234793983,4.14954798754037,0.00029573319140504,0.010794261486284,0.0105063107472843,3685/3912/6696/3915/1293/960/7148/3908/3371/7059/1311/5649/3339,13,KEGG,M1,Environmental Information Processing,Signaling molecules and interaction,1.96680706554867
M1,KEGG,hsa04518,Integrin signaling,17/139,55/963,0.309090909090909,2.14139960758666,3.57855313175424,0.000998367135544481,0.0291523203578988,0.0283746449049484,718/3479/3685/3912/6696/3915/1293/7412/7148/3908/3371/2200/2324/7059/1311/5649/8174,17,KEGG,M1,,,1.53532687217337
M2,GO CC,GO:0015629,actin cytoskeleton,40/242,129/1516,0.310077519379845,1.94246908834647,4.87588018196491,5.62383095187639e-06,0.00167590162365916,0.00139115818283258,FYB1/ARHGAP6/ACTN4/KALRN/WDR1/ABLIM3/GSN/SPTB/ACTN1/VCL/FLNA/MYH9/WAS/CAPZA1/MTPN/ACTR2/RAC1/TPM4/ACTA1/SPTBN1/PTK2/NEXN/FLII/DCTN2/IQGAP2/FLOT2/PLEC/SEPTIN7/DBN1/INF2/FERMT3/DOCK5/PARVB/PDLIM7/TMOD3/STOML2/ASAP1/TLN2/MYO5A/CDC42BPB,40,CC,M2,,,2.77575147828087
M2,GO CC,GO:0043228,non-membrane-bounded organelle,99/242,457/1516,0.216630196936543,1.35707181221404,3.97919271724786,6.52143247309554e-05,0.00493531608825098,0.00409678304747079,DNM1L/FYB1/ARHGAP6/ACTN4/KALRN/OPA1/ACSL4/WDR1/ARL6IP5/ABLIM3/CYB5R3/SOD2/GNAI2/RPLP2/GSN/ATP5F1B/S100A9/TUBB/HSP90AB1/SPTB/ACTN1/GSPT1/PRKCA/VCL/FLNA/VDAC1/PPP2R1A/SERPINB1/MYH9/HSPA9/HADHA/LRPPRC/WAS/LSS/CCT5/ACADVL/EMD/RAB5C/CAPZA1/VCP/NAP1L1/MTPN/EIF4A1/ACTR2/GRB2/RAC1/TPM4/ACTA1/TUBA4A/CCT2/CLTC/SPTBN1/TAP1/EIF4G1/PTK2/KLC1/NEXN/FLII/STK3/PSMD2/DCTN2/IQGAP2/DCTN1/DYNC1H1/FLOT2/KPNB1/RAB3GAP1/PLEC/NSDHL/SEPTIN7/DPYSL2/DBN1/INF2/LRRFIP1/UBR4/TAOK1/FERMT3/SCCPDH/VPS13A/TSG101/TUBB1/DOCK5/TMT1A/PARVB/CASS4/PDLIM7/TUBA8/TMOD3/VAPA/CALCOCO1/STOML2/ASAP1/MAGED2/NSFL1C/RTRAF/TLN2/MYO5A/CDC42BPB/ARFGEF1,99,CC,M2,,,2.30668502719148
M2,GO CC,GO:0043232,intracellular non-membrane-bounded organelle,99/242,457/1516,0.216630196936543,1.35707181221404,3.97919271724786,6.52143247309554e-05,0.00493531608825098,0.00409678304747079,DNM1L/FYB1/ARHGAP6/ACTN4/KALRN/OPA1/ACSL4/WDR1/ARL6IP5/ABLIM3/CYB5R3/SOD2/GNAI2/RPLP2/GSN/ATP5F1B/S100A9/TUBB/HSP90AB1/SPTB/ACTN1/GSPT1/PRKCA/VCL/FLNA/VDAC1/PPP2R1A/SERPINB1/MYH9/HSPA9/HADHA/LRPPRC/WAS/LSS/CCT5/ACADVL/EMD/RAB5C/CAPZA1/VCP/NAP1L1/MTPN/EIF4A1/ACTR2/GRB2/RAC1/TPM4/ACTA1/TUBA4A/CCT2/CLTC/SPTBN1/TAP1/EIF4G1/PTK2/KLC1/NEXN/FLII/STK3/PSMD2/DCTN2/IQGAP2/DCTN1/DYNC1H1/FLOT2/KPNB1/RAB3GAP1/PLEC/NSDHL/SEPTIN7/DPYSL2/DBN1/INF2/LRRFIP1/UBR4/TAOK1/FERMT3/SCCPDH/VPS13A/TSG101/TUBB1/DOCK5/TMT1A/PARVB/CASS4/PDLIM7/TUBA8/TMOD3/VAPA/CALCOCO1/STOML2/ASAP1/MAGED2/NSFL1C/RTRAF/TLN2/MYO5A/CDC42BPB/ARFGEF1,99,CC,M2,,,2.30668502719148
M2,GO CC,GO:0031090,organelle membrane,105/242,492/1516,0.213414634146341,1.33692803870187,3.96185897398363,6.62458535335701e-05,0.00493531608825098,0.00409678304747079,NBAS/RAB27B/CLIC1/DNM1L/AP3D1/SCAMP2/ASAP2/OPA1/ACSL4/ARL6IP5/TOMM70/RTN3/VAPB/AIFM1/CYB5R3/EGF/RPN2/ITGB3/ATP5F1B/ITGA2B/PTPRC/COX5B/HSPD1/COX4I1/HSP90B1/PECAM1/ATP2A2/PRKCA/VDAC1/SDHB/UQCRC2/PTGS1/TBXAS1/CANX/UQCRC1/SERPINB6/HSPA9/MPL/HADHA/MTOR/PI4KA/LRPPRC/WAS/GPD2/ARCN1/LSS/ACADVL/GNAQ/EMD/CPT1A/LRBA/RAB5C/HSD17B4/COPA/VCP/ATP5MF/RAB1A/RAP1A/GRB2/RAC1/CLTC/OGDH/TAP1/NNT/IQGAP2/FLOT2/ITPR2/KPNB1/RAB3GAP1/PLEC/SEC23A/NSDHL/DPY19L1/GRIPAP1/HSD17B12/LY6G6F/UBR4/HACD4/NBEAL2/DOK3/HUWE1/KSR1/UXS1/MCU/TOR1AIP2/ATP2A3/SYTL4/ARAP1/VPS13A/PHB2/MAP3K5/MGLL/TSG101/TMEM43/SFXN3/RTN4/VPS45/CMTM6/EHD3/VAPA/STOML2/APPL1/ASAP1/ARFGEF1/IRAG1,105,CC,M2,,,2.30668502719148
M2,GO CC,GO:0031984,organelle subcompartment,51/242,208/1516,0.245192307692308,1.53599809281627,3.62593759489124,0.000372751212667341,0.0222159722749735,0.0184413757845948,NBAS/RAB27B/DNM1L/SCAMP2/ASAP2/ACSL4/ARL6IP5/RTN3/VAPB/CYB5R3/RPN2/HSP90B1/ATP2A2/FLNA/PTGS1/TBXAS1/CANX/MTOR/ARCN1/LSS/EMD/LRBA/COPA/VCP/RAC1/CLTC/TAP1/ITPR2/KPNB1/RAB3GAP1/SEC23A/NSDHL/DPY19L1/HSD17B12/HACD4/CNST/KSR1/UXS1/TOR1AIP2/ATP2A3/ARAP1/VPS13A/MAP3K5/MGLL/TMEM43/RTN4/VAPA/ASAP1/NSFL1C/ARFGEF1/IRAG1,51,CC,M2,,,1.65333467524706
M2,GO BP,GO:0006996,organelle organization,106/238,467/1487,0.226980728051392,1.41815270005218,4.76112872897787,2.27593650886721e-06,0.00467477358921325,0.00447520989322521,DNM1L/AP3D1/ARHGAP6/ACTN4/OPA1/WDR1/STX11/TOMM70/ABLIM3/RTN3/VAPB/AIFM1/EGF/TGFB1/SOD2/SLC4A2/ITGB3/GSN/S100A9/GPX1/TUBB/HSP90AB1/PLEK/SRGN/HSPD1/SPTB/ACTN1/RNH1/HSP90B1/ATP2A2/PRKCA/ITGB5/FLNA/PPP2R1A/MYH9/HMGCL/HSPA9/MTOR/WAS/PIP4K2A/CCT5/EMD/LRBA/RAP1GDS1/CAPZA1/EIF5/VCP/MTPN/ACTR2/RAB1A/GRB2/RAC1/YWHAZ/TPM4/ACTA1/TUBA4A/CCT2/CLTC/SPTBN1/PTK2/KLC1/NEXN/FLII/DCTN2/IQGAP2/DCTN1/DYNC1H1/KPNB1/RAB3GAP1/PLEC/SEC23A/SEPTIN7/DPYSL2/DBN1/INF2/UBR4/CYFIP1/TAOK1/HUWE1/MCU/TOR1AIP2/ESAM/ARAP1/VPS13A/PHB2/TSG101/TMEM43/SLK/TUBB1/DOCK5/PARVB/RTN4/PDLIM7/TUBA8/TMOD3/EHD3/VAPA/STOML2/ASAP1/STRIP2/PSMD13/NSFL1C/TLN2/MYO5A/CDC42BPB/ARFGEF1,106,BP,M2,,,2.33023941823241
M2,GO BP,GO:0007010,cytoskeleton organization,61/238,242/1487,0.252066115702479,1.57488367247726,4.26500599109206,3.4047257089355e-05,0.0349665330307676,0.0334738296015343,ARHGAP6/ACTN4/WDR1/ABLIM3/TGFB1/SLC4A2/ITGB3/GSN/S100A9/TUBB/PLEK/SPTB/ACTN1/RNH1/HSP90B1/ITGB5/FLNA/PPP2R1A/MYH9/MTOR/WAS/RAP1GDS1/CAPZA1/VCP/MTPN/ACTR2/GRB2/RAC1/TPM4/ACTA1/TUBA4A/CLTC/SPTBN1/PTK2/NEXN/FLII/DCTN2/IQGAP2/DCTN1/DYNC1H1/KPNB1/PLEC/DPYSL2/DBN1/INF2/CYFIP1/TAOK1/ESAM/ARAP1/SLK/TUBB1/PARVB/PDLIM7/TUBA8/TMOD3/STRIP2/NSFL1C/TLN2/MYO5A/CDC42BPB/ARFGEF1,61,BP,M2,,,1.45634742631956
M2,GO BP,GO:0051641,cellular localization,105/238,492/1487,0.213414634146341,1.3333931133429,3.9449754032459,7.0081316695284e-05,0.0475780984263853,0.0455470137141842,NBAS/RAB27B/DNM1L/AP3D1/FYB1/SCAMP2/ACTN4/OPA1/ACSL4/STX11/ARL6IP5/TOMM70/ABLIM3/VAPB/AIFM1/EGF/TGFB1/ITGB3/GSN/S100A9/TUBB/HSP90AB1/PLEK/PTPRC/SRGN/HSPD1/GP1BB/HSP90B1/PECAM1/ATP2A2/PRKCA/VCL/FLNA/CANX/MYH9/HSPA9/GP5/MTOR/LRPPRC/WAS/PIP4K2A/ARCN1/CCT5/EMD/CPT1A/LRBA/RAB5C/RAP1GDS1/COPA/VCP/ACTR2/RAB1A/RAP1A/RAC1/YWHAZ/CCT2/CLTC/SPTBN1/TAP1/EIF4G1/STK3/DCTN2/CAMK1/DCTN1/DYNC1H1/FLOT2/LRRC32/ITPR2/LTBP1/KPNB1/RAB3GAP1/PLEC/SEC23A/STXBP2/SEPTIN7/DBN1/HADH/GRIPAP1/CNST/PACS1/NBEAL2/UNC13D/CYFIP1/HUWE1/MCU/TOR1AIP2/ATP2A3/ESAM/SYTL4/VPS13A/PHB2/TSG101/UBE2O/TOLLIP/RTN4/VPS45/CMTM6/EHD3/VAPA/TJP2/APPL1/ASAP1/NSFL1C/MYO5A/ARFGEF1,105,BP,M2,,,1.32259291957977
M2,GO BP,GO:0032970,regulation of actin filament-based process,27/238,83/1487,0.325301204819277,2.032449124228,4.22416444308514,9.2654524686242e-05,0.0475780984263853,0.0455470137141842,ARHGAP6/WDR1/TGFB1/SLC4A2/ITGB3/GSN/PLEK/SPTB/RNH1/ATP2A2/FLNA/MYH9/MTOR/WAS/CAPZA1/MTPN/GRB2/RAC1/SPTBN1/FLII/IQGAP2/CYFIP1/TAOK1/ESAM/ARAP1/TMOD3/ARFGEF1,27,BP,M2,,,1.32259291957977
